sd_product_code,slug,image_seq,source_path,derived_path,derived_url_candidate,is_primary_candidate,file_ext,width,height,notes
EHTC22772AT,ehtc22772at,1,data/raw-images/wordpress-public/EHTC22772AT/EHTC22772AT_1.jpg,data/derived-images/public-700x700/EHTC22772AT/EHTC22772AT-01-700x700.jpg,EHTC22772AT/EHTC22772AT-01-700x700.jpg,true,jpg,700,700,
EHTC22772AT,ehtc22772at,2,data/raw-images/wordpress-public/EHTC22772AT/EHTC22772AT_2.jpg,data/derived-images/public-700x700/EHTC22772AT/EHTC22772AT-02-700x700.jpg,EHTC22772AT/EHTC22772AT-02-700x700.jpg,false,jpg,700,700,
EHTC22772AT,ehtc22772at,3,data/raw-images/wordpress-public/EHTC22772AT/EHTC22772AT_3.jpg,data/derived-images/public-700x700/EHTC22772AT/EHTC22772AT-03-700x700.jpg,EHTC22772AT/EHTC22772AT-03-700x700.jpg,false,jpg,700,700,
EHTC22772AT,ehtc22772at,4,data/raw-images/wordpress-public/EHTC22772AT/EHTC22772AT_4.jpg,data/derived-images/public-700x700/EHTC22772AT/EHTC22772AT-04-700x700.jpg,EHTC22772AT/EHTC22772AT-04-700x700.jpg,false,jpg,700,700,
EHTC22772AT,ehtc22772at,5,data/raw-images/wordpress-public/EHTC22772AT/EHTC22772AT_5.jpg,data/derived-images/public-700x700/EHTC22772AT/EHTC22772AT-05-700x700.jpg,EHTC22772AT/EHTC22772AT-05-700x700.jpg,false,jpg,700,700,
HNOT24906AT,hnot24906at,1,data/raw-images/wordpress-public/HNOT24906AT/HNOT24906AT_1.jpg,data/derived-images/public-700x700/HNOT24906AT/HNOT24906AT-01-700x700.jpg,HNOT24906AT/HNOT24906AT-01-700x700.jpg,true,jpg,700,700,
HNOT24906AT,hnot24906at,2,data/raw-images/wordpress-public/HNOT24906AT/HNOT24906AT_2.jpg,data/derived-images/public-700x700/HNOT24906AT/HNOT24906AT-02-700x700.jpg,HNOT24906AT/HNOT24906AT-02-700x700.jpg,false,jpg,700,700,
HNOT24914AT,hnot24914at,1,data/raw-images/wordpress-public/HNOT24914AT/HNOT24914AT_1.jpg,data/derived-images/public-700x700/HNOT24914AT/HNOT24914AT-01-700x700.jpg,HNOT24914AT/HNOT24914AT-01-700x700.jpg,true,jpg,700,700,
HNOT24914AT,hnot24914at,2,data/raw-images/wordpress-public/HNOT24914AT/HNOT24914AT_2.jpg,data/derived-images/public-700x700/HNOT24914AT/HNOT24914AT-02-700x700.jpg,HNOT24914AT/HNOT24914AT-02-700x700.jpg,false,jpg,700,700,
HYBL16161AT,hybl16161at,1,data/raw-images/wordpress-public/HYBL16161AT/HYBL16161AT_1.jpg,data/derived-images/public-700x700/HYBL16161AT/HYBL16161AT-01-700x700.jpg,HYBL16161AT/HYBL16161AT-01-700x700.jpg,true,jpg,700,700,
HYBL16161AT,hybl16161at,2,data/raw-images/wordpress-public/HYBL16161AT/HYBL16161AT_2.jpg,data/derived-images/public-700x700/HYBL16161AT/HYBL16161AT-02-700x700.jpg,HYBL16161AT/HYBL16161AT-02-700x700.jpg,false,jpg,700,700,
HYCP20610AT,hycp20610at,1,data/raw-images/wordpress-public/HYCP20610AT/HYCP20610AT_1.jpg,data/derived-images/public-700x700/HYCP20610AT/HYCP20610AT-01-700x700.jpg,HYCP20610AT/HYCP20610AT-01-700x700.jpg,true,jpg,700,700,
HYCP20610AT,hycp20610at,2,data/raw-images/wordpress-public/HYCP20610AT/HYCP20610AT_2.jpg,data/derived-images/public-700x700/HYCP20610AT/HYCP20610AT-02-700x700.jpg,HYCP20610AT/HYCP20610AT-02-700x700.jpg,false,jpg,700,700,
HYCP20610AT,hycp20610at,3,data/raw-images/wordpress-public/HYCP20610AT/HYCP20610AT_3.jpg,data/derived-images/public-700x700/HYCP20610AT/HYCP20610AT-03-700x700.jpg,HYCP20610AT/HYCP20610AT-03-700x700.jpg,false,jpg,700,700,
HYCP20610AT,hycp20610at,4,data/raw-images/wordpress-public/HYCP20610AT/HYCP20610AT_4.jpg,data/derived-images/public-700x700/HYCP20610AT/HYCP20610AT-04-700x700.jpg,HYCP20610AT/HYCP20610AT-04-700x700.jpg,false,jpg,700,700,
HYCP20610AT,hycp20610at,5,data/raw-images/wordpress-public/HYCP20610AT/HYCP20610AT_5.jpg,data/derived-images/public-700x700/HYCP20610AT/HYCP20610AT-05-700x700.jpg,HYCP20610AT/HYCP20610AT-05-700x700.jpg,false,jpg,700,700,
HYCP20610AT,hycp20610at,6,data/raw-images/wordpress-public/HYCP20610AT/HYCP20610AT_6.jpg,data/derived-images/public-700x700/HYCP20610AT/HYCP20610AT-06-700x700.jpg,HYCP20610AT/HYCP20610AT-06-700x700.jpg,false,jpg,700,700,
HYCP23875AT,hycp23875at,1,data/raw-images/wordpress-public/HYCP23875AT/HYCP23875AT_1.jpg,data/derived-images/public-700x700/HYCP23875AT/HYCP23875AT-01-700x700.jpg,HYCP23875AT/HYCP23875AT-01-700x700.jpg,true,jpg,700,700,
HYCP23875AT,hycp23875at,2,data/raw-images/wordpress-public/HYCP23875AT/HYCP23875AT_2.jpg,data/derived-images/public-700x700/HYCP23875AT/HYCP23875AT-02-700x700.jpg,HYCP23875AT/HYCP23875AT-02-700x700.jpg,false,jpg,700,700,
HYCY23809AT,hycy23809at,1,data/raw-images/wordpress-public/HYCY23809AT/HYCY23809AT_1.jpg,data/derived-images/public-700x700/HYCY23809AT/HYCY23809AT-01-700x700.jpg,HYCY23809AT/HYCY23809AT-01-700x700.jpg,true,jpg,700,700,
HYCY23809AT,hycy23809at,2,data/raw-images/wordpress-public/HYCY23809AT/HYCY23809AT_2.jpg,data/derived-images/public-700x700/HYCY23809AT/HYCY23809AT-02-700x700.jpg,HYCY23809AT/HYCY23809AT-02-700x700.jpg,false,jpg,700,700,
HYCY23809AT,hycy23809at,3,data/raw-images/wordpress-public/HYCY23809AT/HYCY23809AT_3.jpg,data/derived-images/public-700x700/HYCY23809AT/HYCY23809AT-03-700x700.jpg,HYCY23809AT/HYCY23809AT-03-700x700.jpg,false,jpg,700,700,
HYCY23874AT,hycy23874at,1,data/raw-images/wordpress-public/HYCY23874AT/HYCY23874AT_1.jpg,data/derived-images/public-700x700/HYCY23874AT/HYCY23874AT-01-700x700.jpg,HYCY23874AT/HYCY23874AT-01-700x700.jpg,true,jpg,700,700,
HYCY23874AT,hycy23874at,2,data/raw-images/wordpress-public/HYCY23874AT/HYCY23874AT_2.jpg,data/derived-images/public-700x700/HYCY23874AT/HYCY23874AT-02-700x700.jpg,HYCY23874AT/HYCY23874AT-02-700x700.jpg,false,jpg,700,700,
HYCY23874AT,hycy23874at,3,data/raw-images/wordpress-public/HYCY23874AT/HYCY23874AT_3.jpg,data/derived-images/public-700x700/HYCY23874AT/HYCY23874AT-03-700x700.jpg,HYCY23874AT/HYCY23874AT-03-700x700.jpg,false,jpg,700,700,
HYCY23874AT,hycy23874at,4,data/raw-images/wordpress-public/HYCY23874AT/HYCY23874AT_4.jpg,data/derived-images/public-700x700/HYCY23874AT/HYCY23874AT-04-700x700.jpg,HYCY23874AT/HYCY23874AT-04-700x700.jpg,false,jpg,700,700,
HYCY23891AT,hycy23891at,1,data/raw-images/wordpress-public/HYCY23891AT/HYCY23891AT_1.jpg,data/derived-images/public-700x700/HYCY23891AT/HYCY23891AT-01-700x700.jpg,HYCY23891AT/HYCY23891AT-01-700x700.jpg,true,jpg,700,700,
HYCY23891AT,hycy23891at,2,data/raw-images/wordpress-public/HYCY23891AT/HYCY23891AT_2.jpg,data/derived-images/public-700x700/HYCY23891AT/HYCY23891AT-02-700x700.jpg,HYCY23891AT/HYCY23891AT-02-700x700.jpg,false,jpg,700,700,
HYCY23891AT,hycy23891at,3,data/raw-images/wordpress-public/HYCY23891AT/HYCY23891AT_3.jpg,data/derived-images/public-700x700/HYCY23891AT/HYCY23891AT-03-700x700.jpg,HYCY23891AT/HYCY23891AT-03-700x700.jpg,false,jpg,700,700,
HYCY23893AT,hycy23893at,1,data/raw-images/wordpress-public/HYCY23893AT/HYCY23893AT_1.jpg,data/derived-images/public-700x700/HYCY23893AT/HYCY23893AT-01-700x700.jpg,HYCY23893AT/HYCY23893AT-01-700x700.jpg,true,jpg,700,700,
HYCY23893AT,hycy23893at,2,data/raw-images/wordpress-public/HYCY23893AT/HYCY23893AT_2.jpg,data/derived-images/public-700x700/HYCY23893AT/HYCY23893AT-02-700x700.jpg,HYCY23893AT/HYCY23893AT-02-700x700.jpg,false,jpg,700,700,
HYCY23893AT,hycy23893at,3,data/raw-images/wordpress-public/HYCY23893AT/HYCY23893AT_3.jpg,data/derived-images/public-700x700/HYCY23893AT/HYCY23893AT-03-700x700.jpg,HYCY23893AT/HYCY23893AT-03-700x700.jpg,false,jpg,700,700,
HYCY23894AT,hycy23894at,1,data/raw-images/wordpress-public/HYCY23894AT/HYCY23894AT_1.jpg,data/derived-images/public-700x700/HYCY23894AT/HYCY23894AT-01-700x700.jpg,HYCY23894AT/HYCY23894AT-01-700x700.jpg,true,jpg,700,700,
HYCY23894AT,hycy23894at,2,data/raw-images/wordpress-public/HYCY23894AT/HYCY23894AT_2.jpg,data/derived-images/public-700x700/HYCY23894AT/HYCY23894AT-02-700x700.jpg,HYCY23894AT/HYCY23894AT-02-700x700.jpg,false,jpg,700,700,
HYCY26924AT,hycy26924at,1,data/raw-images/wordpress-public/HYCY26924AT/HYCY26924AT_1.png,data/derived-images/public-700x700/HYCY26924AT/HYCY26924AT-01-700x700.jpg,HYCY26924AT/HYCY26924AT-01-700x700.jpg,true,jpg,700,700,flattened_alpha
HYCY26924AT,hycy26924at,2,data/raw-images/wordpress-public/HYCY26924AT/HYCY26924AT_2.png,data/derived-images/public-700x700/HYCY26924AT/HYCY26924AT-02-700x700.jpg,HYCY26924AT/HYCY26924AT-02-700x700.jpg,false,jpg,700,700,flattened_alpha
HYEL15009AT,hyel15009at,1,data/raw-images/wordpress-public/HYEL15009AT/noimage.jpg,data/derived-images/public-700x700/HYEL15009AT/HYEL15009AT-01-700x700.jpg,HYEL15009AT/HYEL15009AT-01-700x700.jpg,true,jpg,700,700,
HYEL15488AT,hyel15488at,1,data/raw-images/wordpress-public/HYEL15488AT/HYEL15488AT_1.jpg,data/derived-images/public-700x700/HYEL15488AT/HYEL15488AT-01-700x700.jpg,HYEL15488AT/HYEL15488AT-01-700x700.jpg,true,jpg,700,700,
HYEL15488AT,hyel15488at,2,data/raw-images/wordpress-public/HYEL15488AT/HYEL15488AT_2.jpg,data/derived-images/public-700x700/HYEL15488AT/HYEL15488AT-02-700x700.jpg,HYEL15488AT/HYEL15488AT-02-700x700.jpg,false,jpg,700,700,
HYHS19287AT,hyhs19287at,1,data/raw-images/wordpress-public/HYHS19287AT/HYHS19287AT_1.jpg,data/derived-images/public-700x700/HYHS19287AT/HYHS19287AT-01-700x700.jpg,HYHS19287AT/HYHS19287AT-01-700x700.jpg,true,jpg,700,700,
HYIV18231AT,hyiv18231at,1,data/raw-images/wordpress-public/HYIV18231AT/HYIV18231AT_1.jpg,data/derived-images/public-700x700/HYIV18231AT/HYIV18231AT-01-700x700.jpg,HYIV18231AT/HYIV18231AT-01-700x700.jpg,true,jpg,700,700,
HYIV18231AT,hyiv18231at,2,data/raw-images/wordpress-public/HYIV18231AT/HYIV18231AT_2.jpg,data/derived-images/public-700x700/HYIV18231AT/HYIV18231AT-02-700x700.jpg,HYIV18231AT/HYIV18231AT-02-700x700.jpg,false,jpg,700,700,
HYIV19345AT,hyiv19345at,1,data/raw-images/wordpress-public/HYIV19345AT/HYIV19345AT_1.jpg,data/derived-images/public-700x700/HYIV19345AT/HYIV19345AT-01-700x700.jpg,HYIV19345AT/HYIV19345AT-01-700x700.jpg,true,jpg,700,700,
HYIV19345AT,hyiv19345at,2,data/raw-images/wordpress-public/HYIV19345AT/HYIV19345AT_2.jpg,data/derived-images/public-700x700/HYIV19345AT/HYIV19345AT-02-700x700.jpg,HYIV19345AT/HYIV19345AT-02-700x700.jpg,false,jpg,700,700,
HYIV23823AT,hyiv23823at,1,data/raw-images/wordpress-public/HYIV23823AT/HYIV23823AT_1.jpg,data/derived-images/public-700x700/HYIV23823AT/HYIV23823AT-01-700x700.jpg,HYIV23823AT/HYIV23823AT-01-700x700.jpg,true,jpg,700,700,
HYIV23823AT,hyiv23823at,2,data/raw-images/wordpress-public/HYIV23823AT/HYIV23823AT_2.jpg,data/derived-images/public-700x700/HYIV23823AT/HYIV23823AT-02-700x700.jpg,HYIV23823AT/HYIV23823AT-02-700x700.jpg,false,jpg,700,700,
HYIV23823AT,hyiv23823at,3,data/raw-images/wordpress-public/HYIV23823AT/HYIV23823AT_3.jpg,data/derived-images/public-700x700/HYIV23823AT/HYIV23823AT-03-700x700.jpg,HYIV23823AT/HYIV23823AT-03-700x700.jpg,false,jpg,700,700,
HYIV23824AT,hyiv23824at,1,data/raw-images/wordpress-public/HYIV23824AT/HYIV23824AT_1.jpg,data/derived-images/public-700x700/HYIV23824AT/HYIV23824AT-01-700x700.jpg,HYIV23824AT/HYIV23824AT-01-700x700.jpg,true,jpg,700,700,
HYIV23824AT,hyiv23824at,2,data/raw-images/wordpress-public/HYIV23824AT/HYIV23824AT_2.jpg,data/derived-images/public-700x700/HYIV23824AT/HYIV23824AT-02-700x700.jpg,HYIV23824AT/HYIV23824AT-02-700x700.jpg,false,jpg,700,700,
HYIV23824AT,hyiv23824at,3,data/raw-images/wordpress-public/HYIV23824AT/HYIV23824AT_3.jpg,data/derived-images/public-700x700/HYIV23824AT/HYIV23824AT-03-700x700.jpg,HYIV23824AT/HYIV23824AT-03-700x700.jpg,false,jpg,700,700,
HYIV23843AT,hyiv23843at,1,data/raw-images/wordpress-public/HYIV23843AT/HYIV23843AT_1.jpg,data/derived-images/public-700x700/HYIV23843AT/HYIV23843AT-01-700x700.jpg,HYIV23843AT/HYIV23843AT-01-700x700.jpg,true,jpg,700,700,
HYIV23843AT,hyiv23843at,2,data/raw-images/wordpress-public/HYIV23843AT/HYIV23843AT_2.jpg,data/derived-images/public-700x700/HYIV23843AT/HYIV23843AT-02-700x700.jpg,HYIV23843AT/HYIV23843AT-02-700x700.jpg,false,jpg,700,700,
HYIV23843AT,hyiv23843at,3,data/raw-images/wordpress-public/HYIV23843AT/HYIV23843AT_3.jpg,data/derived-images/public-700x700/HYIV23843AT/HYIV23843AT-03-700x700.jpg,HYIV23843AT/HYIV23843AT-03-700x700.jpg,false,jpg,700,700,
HYIV23843AT,hyiv23843at,4,data/raw-images/wordpress-public/HYIV23843AT/HYIV23843AT_4.jpg,data/derived-images/public-700x700/HYIV23843AT/HYIV23843AT-04-700x700.jpg,HYIV23843AT/HYIV23843AT-04-700x700.jpg,false,jpg,700,700,
HYKT16087AT,hykt16087at,1,data/raw-images/wordpress-public/HYKT16087AT/noimage.jpg,data/derived-images/public-700x700/HYKT16087AT/HYKT16087AT-01-700x700.jpg,HYKT16087AT/HYKT16087AT-01-700x700.jpg,true,jpg,700,700,
HYMC15183AT,hymc15183at,1,data/raw-images/wordpress-public/HYMC15183AT/HYMC15183AT_1.jpg,data/derived-images/public-700x700/HYMC15183AT/HYMC15183AT-01-700x700.jpg,HYMC15183AT/HYMC15183AT-01-700x700.jpg,true,jpg,700,700,
HYMX21687AT,hymx21687at,1,data/raw-images/wordpress-public/HYMX21687AT/HYMX21687AT_1.jpg,data/derived-images/public-700x700/HYMX21687AT/HYMX21687AT-01-700x700.jpg,HYMX21687AT/HYMX21687AT-01-700x700.jpg,true,jpg,700,700,
HYMX21687AT,hymx21687at,2,data/raw-images/wordpress-public/HYMX21687AT/HYMX21687AT_2.jpg,data/derived-images/public-700x700/HYMX21687AT/HYMX21687AT-02-700x700.jpg,HYMX21687AT/HYMX21687AT-02-700x700.jpg,false,jpg,700,700,
HYMX21687AT,hymx21687at,3,data/raw-images/wordpress-public/HYMX21687AT/HYMX21687AT_3.jpg,data/derived-images/public-700x700/HYMX21687AT/HYMX21687AT-03-700x700.jpg,HYMX21687AT/HYMX21687AT-03-700x700.jpg,false,jpg,700,700,
HYMX21687AT,hymx21687at,4,data/raw-images/wordpress-public/HYMX21687AT/HYMX21687AT_4.jpg,data/derived-images/public-700x700/HYMX21687AT/HYMX21687AT-04-700x700.jpg,HYMX21687AT/HYMX21687AT-04-700x700.jpg,false,jpg,700,700,
HYMX21687AT,hymx21687at,5,data/raw-images/wordpress-public/HYMX21687AT/HYMX21687AT_5.jpg,data/derived-images/public-700x700/HYMX21687AT/HYMX21687AT-05-700x700.jpg,HYMX21687AT/HYMX21687AT-05-700x700.jpg,false,jpg,700,700,
HYMX21698AT,hymx21698at,1,data/raw-images/wordpress-public/HYMX21698AT/HYMX21698AT_1.jpg,data/derived-images/public-700x700/HYMX21698AT/HYMX21698AT-01-700x700.jpg,HYMX21698AT/HYMX21698AT-01-700x700.jpg,true,jpg,700,700,
HYMX21698AT,hymx21698at,2,data/raw-images/wordpress-public/HYMX21698AT/HYMX21698AT_2.jpg,data/derived-images/public-700x700/HYMX21698AT/HYMX21698AT-02-700x700.jpg,HYMX21698AT/HYMX21698AT-02-700x700.jpg,false,jpg,700,700,
HYMX21698AT,hymx21698at,3,data/raw-images/wordpress-public/HYMX21698AT/HYMX21698AT_3.jpg,data/derived-images/public-700x700/HYMX21698AT/HYMX21698AT-03-700x700.jpg,HYMX21698AT/HYMX21698AT-03-700x700.jpg,false,jpg,700,700,
HYMX22720AT,hymx22720at,1,data/raw-images/wordpress-public/HYMX22720AT/HYMX22720AT_1.jpg,data/derived-images/public-700x700/HYMX22720AT/HYMX22720AT-01-700x700.jpg,HYMX22720AT/HYMX22720AT-01-700x700.jpg,true,jpg,700,700,
HYMX22720AT,hymx22720at,2,data/raw-images/wordpress-public/HYMX22720AT/HYMX22720AT_2.jpg,data/derived-images/public-700x700/HYMX22720AT/HYMX22720AT-02-700x700.jpg,HYMX22720AT/HYMX22720AT-02-700x700.jpg,false,jpg,700,700,
HYMX22720AT,hymx22720at,3,data/raw-images/wordpress-public/HYMX22720AT/HYMX22720AT_3.jpg,data/derived-images/public-700x700/HYMX22720AT/HYMX22720AT-03-700x700.jpg,HYMX22720AT/HYMX22720AT-03-700x700.jpg,false,jpg,700,700,
HYMX22720AT,hymx22720at,4,data/raw-images/wordpress-public/HYMX22720AT/HYMX22720AT_4.jpg,data/derived-images/public-700x700/HYMX22720AT/HYMX22720AT-04-700x700.jpg,HYMX22720AT/HYMX22720AT-04-700x700.jpg,false,jpg,700,700,
HYMX22744AT,hymx22744at,1,data/raw-images/wordpress-public/HYMX22744AT/HYMX22744AT_1.jpg,data/derived-images/public-700x700/HYMX22744AT/HYMX22744AT-01-700x700.jpg,HYMX22744AT/HYMX22744AT-01-700x700.jpg,true,jpg,700,700,
HYMX22744AT,hymx22744at,2,data/raw-images/wordpress-public/HYMX22744AT/HYMX22744AT_2.jpg,data/derived-images/public-700x700/HYMX22744AT/HYMX22744AT-02-700x700.jpg,HYMX22744AT/HYMX22744AT-02-700x700.jpg,false,jpg,700,700,
HYMX22746AT,hymx22746at,1,data/raw-images/wordpress-public/HYMX22746AT/HYMX22746AT_1.jpg,data/derived-images/public-700x700/HYMX22746AT/HYMX22746AT-01-700x700.jpg,HYMX22746AT/HYMX22746AT-01-700x700.jpg,true,jpg,700,700,
HYMX22746AT,hymx22746at,2,data/raw-images/wordpress-public/HYMX22746AT/HYMX22746AT_2.jpg,data/derived-images/public-700x700/HYMX22746AT/HYMX22746AT-02-700x700.jpg,HYMX22746AT/HYMX22746AT-02-700x700.jpg,false,jpg,700,700,
HYMX22746AT,hymx22746at,3,data/raw-images/wordpress-public/HYMX22746AT/HYMX22746AT_3.jpg,data/derived-images/public-700x700/HYMX22746AT/HYMX22746AT-03-700x700.jpg,HYMX22746AT/HYMX22746AT-03-700x700.jpg,false,jpg,700,700,
HYMX22754AT,hymx22754at,1,data/raw-images/wordpress-public/HYMX22754AT/HYMX22754AT_1.jpg,data/derived-images/public-700x700/HYMX22754AT/HYMX22754AT-01-700x700.jpg,HYMX22754AT/HYMX22754AT-01-700x700.jpg,true,jpg,700,700,
HYMX22754AT,hymx22754at,2,data/raw-images/wordpress-public/HYMX22754AT/HYMX22754AT_2.jpg,data/derived-images/public-700x700/HYMX22754AT/HYMX22754AT-02-700x700.jpg,HYMX22754AT/HYMX22754AT-02-700x700.jpg,false,jpg,700,700,
HYMX22754AT,hymx22754at,3,data/raw-images/wordpress-public/HYMX22754AT/HYMX22754AT_3.jpg,data/derived-images/public-700x700/HYMX22754AT/HYMX22754AT-03-700x700.jpg,HYMX22754AT/HYMX22754AT-03-700x700.jpg,false,jpg,700,700,
HYMX22754AT,hymx22754at,4,data/raw-images/wordpress-public/HYMX22754AT/HYMX22754AT_4.jpg,data/derived-images/public-700x700/HYMX22754AT/HYMX22754AT-04-700x700.jpg,HYMX22754AT/HYMX22754AT-04-700x700.jpg,false,jpg,700,700,
HYMX26923AT,hymx26923at,1,data/raw-images/wordpress-public/HYMX26923AT/HYMX26923AT_1.png,data/derived-images/public-700x700/HYMX26923AT/HYMX26923AT-01-700x700.jpg,HYMX26923AT/HYMX26923AT-01-700x700.jpg,true,jpg,700,700,flattened_alpha
HYMX26923AT,hymx26923at,2,data/raw-images/wordpress-public/HYMX26923AT/HYMX26923AT_2.png,data/derived-images/public-700x700/HYMX26923AT/HYMX26923AT-02-700x700.jpg,HYMX26923AT/HYMX26923AT-02-700x700.jpg,false,jpg,700,700,flattened_alpha
HYNB20588AT,hynb20588at,1,data/raw-images/wordpress-public/HYNB20588AT/HYNB20588AT_1.jpg,data/derived-images/public-700x700/HYNB20588AT/HYNB20588AT-01-700x700.jpg,HYNB20588AT/HYNB20588AT-01-700x700.jpg,true,jpg,700,700,
HYNB20589AT,hynb20589at,1,data/raw-images/wordpress-public/HYNB20589AT/HYNB20589AT_1.jpg,data/derived-images/public-700x700/HYNB20589AT/HYNB20589AT-01-700x700.jpg,HYNB20589AT/HYNB20589AT-01-700x700.jpg,true,jpg,700,700,
HYNB23828AT,hynb23828at,1,data/raw-images/wordpress-public/HYNB23828AT/HYNB23828AT_1.jpg,data/derived-images/public-700x700/HYNB23828AT/HYNB23828AT-01-700x700.jpg,HYNB23828AT/HYNB23828AT-01-700x700.jpg,true,jpg,700,700,
HYNP23895AT,hynp23895at,1,data/raw-images/wordpress-public/HYNP23895AT/HYNP23895AT_1.jpg,data/derived-images/public-700x700/HYNP23895AT/HYNP23895AT-01-700x700.jpg,HYNP23895AT/HYNP23895AT-01-700x700.jpg,true,jpg,700,700,
HYNP23895AT,hynp23895at,2,data/raw-images/wordpress-public/HYNP23895AT/HYNP23895AT_2.jpg,data/derived-images/public-700x700/HYNP23895AT/HYNP23895AT-02-700x700.jpg,HYNP23895AT/HYNP23895AT-02-700x700.jpg,false,jpg,700,700,
HYNP23895AT,hynp23895at,3,data/raw-images/wordpress-public/HYNP23895AT/HYNP23895AT_3.jpg,data/derived-images/public-700x700/HYNP23895AT/HYNP23895AT-03-700x700.jpg,HYNP23895AT/HYNP23895AT-03-700x700.jpg,false,jpg,700,700,
HYNT23897AT,hynt23897at,1,data/raw-images/wordpress-public/HYNT23897AT/HYNT23897AT_1.jpg,data/derived-images/public-700x700/HYNT23897AT/HYNT23897AT-01-700x700.jpg,HYNT23897AT/HYNT23897AT-01-700x700.jpg,true,jpg,700,700,
HYNT23898AT,hynt23898at,1,data/raw-images/wordpress-public/HYNT23898AT/HYNT23898AT_1.jpg,data/derived-images/public-700x700/HYNT23898AT/HYNT23898AT-01-700x700.jpg,HYNT23898AT/HYNT23898AT-01-700x700.jpg,true,jpg,700,700,
HYNT23899AT,hynt23899at,1,data/raw-images/wordpress-public/HYNT23899AT/HYNT23899AT_1.jpg,data/derived-images/public-700x700/HYNT23899AT/HYNT23899AT-01-700x700.jpg,HYNT23899AT/HYNT23899AT-01-700x700.jpg,true,jpg,700,700,
HYNT23899AT,hynt23899at,2,data/raw-images/wordpress-public/HYNT23899AT/HYNT23899AT_2.jpg,data/derived-images/public-700x700/HYNT23899AT/HYNT23899AT-02-700x700.jpg,HYNT23899AT/HYNT23899AT-02-700x700.jpg,false,jpg,700,700,
HYNT23900AT,hynt23900at,1,data/raw-images/wordpress-public/HYNT23900AT/HYNT23900AT_1.jpg,data/derived-images/public-700x700/HYNT23900AT/HYNT23900AT-01-700x700.jpg,HYNT23900AT/HYNT23900AT-01-700x700.jpg,true,jpg,700,700,
HYNT23900AT,hynt23900at,2,data/raw-images/wordpress-public/HYNT23900AT/HYNT23900AT_2.jpg,data/derived-images/public-700x700/HYNT23900AT/HYNT23900AT-02-700x700.jpg,HYNT23900AT/HYNT23900AT-02-700x700.jpg,false,jpg,700,700,
HYOT22742AT,hyot22742at,1,data/raw-images/wordpress-public/HYOT22742AT/HYOT22742AT_1.jpg,data/derived-images/public-700x700/HYOT22742AT/HYOT22742AT-01-700x700.jpg,HYOT22742AT/HYOT22742AT-01-700x700.jpg,true,jpg,700,700,
HYOT22742AT,hyot22742at,2,data/raw-images/wordpress-public/HYOT22742AT/HYOT22742AT_2.png,data/derived-images/public-700x700/HYOT22742AT/HYOT22742AT-02-700x700.jpg,HYOT22742AT/HYOT22742AT-02-700x700.jpg,false,jpg,700,700,flattened_alpha
HYOT22742AT,hyot22742at,3,data/raw-images/wordpress-public/HYOT22742AT/HYOT22742AT_3.png,data/derived-images/public-700x700/HYOT22742AT/HYOT22742AT-03-700x700.jpg,HYOT22742AT/HYOT22742AT-03-700x700.jpg,false,jpg,700,700,
HYOT23856AT,hyot23856at,1,data/raw-images/wordpress-public/HYOT23856AT/HYOT23856AT_1.jpg,data/derived-images/public-700x700/HYOT23856AT/HYOT23856AT-01-700x700.jpg,HYOT23856AT/HYOT23856AT-01-700x700.jpg,true,jpg,700,700,
HYOT23878AT,hyot23878at,1,data/raw-images/wordpress-public/HYOT23878AT/HYOT23878AT_1.jpg,data/derived-images/public-700x700/HYOT23878AT/HYOT23878AT-01-700x700.jpg,HYOT23878AT/HYOT23878AT-01-700x700.jpg,true,jpg,700,700,
HYOT23878AT,hyot23878at,2,data/raw-images/wordpress-public/HYOT23878AT/HYOT23878AT_2.jpg,data/derived-images/public-700x700/HYOT23878AT/HYOT23878AT-02-700x700.jpg,HYOT23878AT/HYOT23878AT-02-700x700.jpg,false,jpg,700,700,
HYOT23878AT,hyot23878at,3,data/raw-images/wordpress-public/HYOT23878AT/HYOT23878AT_3.jpg,data/derived-images/public-700x700/HYOT23878AT/HYOT23878AT-03-700x700.jpg,HYOT23878AT/HYOT23878AT-03-700x700.jpg,false,jpg,700,700,
HYOT23878AT,hyot23878at,4,data/raw-images/wordpress-public/HYOT23878AT/HYOT23878AT_4.jpg,data/derived-images/public-700x700/HYOT23878AT/HYOT23878AT-04-700x700.jpg,HYOT23878AT/HYOT23878AT-04-700x700.jpg,false,jpg,700,700,
HYOT23878AT,hyot23878at,5,data/raw-images/wordpress-public/HYOT23878AT/HYOT23878AT_5.jpg,data/derived-images/public-700x700/HYOT23878AT/HYOT23878AT-05-700x700.jpg,HYOT23878AT/HYOT23878AT-05-700x700.jpg,false,jpg,700,700,
HYOT23878AT,hyot23878at,6,data/raw-images/wordpress-public/HYOT23878AT/HYOT23878AT_6.jpg,data/derived-images/public-700x700/HYOT23878AT/HYOT23878AT-06-700x700.jpg,HYOT23878AT/HYOT23878AT-06-700x700.jpg,false,jpg,700,700,
HYOT23878AT,hyot23878at,7,data/raw-images/wordpress-public/HYOT23878AT/HYOT23878AT_7.jpg,data/derived-images/public-700x700/HYOT23878AT/HYOT23878AT-07-700x700.jpg,HYOT23878AT/HYOT23878AT-07-700x700.jpg,false,jpg,700,700,
HYOT23888AT,hyot23888at,1,data/raw-images/wordpress-public/HYOT23888AT/HYOT23888AT_1.jpg,data/derived-images/public-700x700/HYOT23888AT/HYOT23888AT-01-700x700.jpg,HYOT23888AT/HYOT23888AT-01-700x700.jpg,true,jpg,700,700,
HYOT23888AT,hyot23888at,2,data/raw-images/wordpress-public/HYOT23888AT/HYOT23888AT_2.jpg,data/derived-images/public-700x700/HYOT23888AT/HYOT23888AT-02-700x700.jpg,HYOT23888AT/HYOT23888AT-02-700x700.jpg,false,jpg,700,700,
HYOT23888AT,hyot23888at,3,data/raw-images/wordpress-public/HYOT23888AT/HYOT23888AT_3.jpg,data/derived-images/public-700x700/HYOT23888AT/HYOT23888AT-03-700x700.jpg,HYOT23888AT/HYOT23888AT-03-700x700.jpg,false,jpg,700,700,
HYOT23888AT,hyot23888at,4,data/raw-images/wordpress-public/HYOT23888AT/HYOT23888AT_4.jpg,data/derived-images/public-700x700/HYOT23888AT/HYOT23888AT-04-700x700.jpg,HYOT23888AT/HYOT23888AT-04-700x700.jpg,false,jpg,700,700,
HYOT23888AT,hyot23888at,5,data/raw-images/wordpress-public/HYOT23888AT/HYOT23888AT_5.jpg,data/derived-images/public-700x700/HYOT23888AT/HYOT23888AT-05-700x700.jpg,HYOT23888AT/HYOT23888AT-05-700x700.jpg,false,jpg,700,700,
HYPB23852AT,hypb23852at,1,data/raw-images/wordpress-public/HYPB23852AT/HYPB23852AT_1.jpg,data/derived-images/public-700x700/HYPB23852AT/HYPB23852AT-01-700x700.jpg,HYPB23852AT/HYPB23852AT-01-700x700.jpg,true,jpg,700,700,
HYPB23852AT,hypb23852at,2,data/raw-images/wordpress-public/HYPB23852AT/HYPB23852AT_2.jpg,data/derived-images/public-700x700/HYPB23852AT/HYPB23852AT-02-700x700.jpg,HYPB23852AT/HYPB23852AT-02-700x700.jpg,false,jpg,700,700,
HYPB23852AT,hypb23852at,3,data/raw-images/wordpress-public/HYPB23852AT/HYPB23852AT_3.jpg,data/derived-images/public-700x700/HYPB23852AT/HYPB23852AT-03-700x700.jpg,HYPB23852AT/HYPB23852AT-03-700x700.jpg,false,jpg,700,700,
HYPB23852AT,hypb23852at,4,data/raw-images/wordpress-public/HYPB23852AT/HYPB23852AT_4.jpg,data/derived-images/public-700x700/HYPB23852AT/HYPB23852AT-04-700x700.jpg,HYPB23852AT/HYPB23852AT-04-700x700.jpg,false,jpg,700,700,
HYRB16075LG,hyrb16075lg,1,data/raw-images/wordpress-public/HYRB16075LG/HYRB16075LG_1.jpg,data/derived-images/public-700x700/HYRB16075LG/HYRB16075LG-01-700x700.jpg,HYRB16075LG/HYRB16075LG-01-700x700.jpg,true,jpg,700,700,
HYRE23832AT,hyre23832at,1,data/raw-images/wordpress-public/HYRE23832AT/HYRE23832AT_1.jpg,data/derived-images/public-700x700/HYRE23832AT/HYRE23832AT-01-700x700.jpg,HYRE23832AT/HYRE23832AT-01-700x700.jpg,true,jpg,700,700,
HYRE23832AT,hyre23832at,2,data/raw-images/wordpress-public/HYRE23832AT/HYRE23832AT_2.jpg,data/derived-images/public-700x700/HYRE23832AT/HYRE23832AT-02-700x700.jpg,HYRE23832AT/HYRE23832AT-02-700x700.jpg,false,jpg,700,700,
HYRE23832AT,hyre23832at,3,data/raw-images/wordpress-public/HYRE23832AT/HYRE23832AT_3.jpg,data/derived-images/public-700x700/HYRE23832AT/HYRE23832AT-03-700x700.jpg,HYRE23832AT/HYRE23832AT-03-700x700.jpg,false,jpg,700,700,
HYSN21620AT,hysn21620at,1,data/raw-images/wordpress-public/HYSN21620AT/HYSN21620AT_1.jpg,data/derived-images/public-700x700/HYSN21620AT/HYSN21620AT-01-700x700.jpg,HYSN21620AT/HYSN21620AT-01-700x700.jpg,true,jpg,700,700,
HYSN21620AT,hysn21620at,2,data/raw-images/wordpress-public/HYSN21620AT/HYSN21620AT_2.jpg,data/derived-images/public-700x700/HYSN21620AT/HYSN21620AT-02-700x700.jpg,HYSN21620AT/HYSN21620AT-02-700x700.jpg,false,jpg,700,700,
HYSN21620AT,hysn21620at,3,data/raw-images/wordpress-public/HYSN21620AT/HYSN21620AT_3.jpg,data/derived-images/public-700x700/HYSN21620AT/HYSN21620AT-03-700x700.jpg,HYSN21620AT/HYSN21620AT-03-700x700.jpg,false,jpg,700,700,
HYSN21664AT,hysn21664at,1,data/raw-images/wordpress-public/HYSN21664AT/HYSN21664AT_1.jpg,data/derived-images/public-700x700/HYSN21664AT/HYSN21664AT-01-700x700.jpg,HYSN21664AT/HYSN21664AT-01-700x700.jpg,true,jpg,700,700,
HYSN21664AT,hysn21664at,2,data/raw-images/wordpress-public/HYSN21664AT/HYSN21664AT_2.jpg,data/derived-images/public-700x700/HYSN21664AT/HYSN21664AT-02-700x700.jpg,HYSN21664AT/HYSN21664AT-02-700x700.jpg,false,jpg,700,700,
HYSN21664AT,hysn21664at,3,data/raw-images/wordpress-public/HYSN21664AT/HYSN21664AT_3.jpg,data/derived-images/public-700x700/HYSN21664AT/HYSN21664AT-03-700x700.jpg,HYSN21664AT/HYSN21664AT-03-700x700.jpg,false,jpg,700,700,
HYSN21664AT,hysn21664at,4,data/raw-images/wordpress-public/HYSN21664AT/HYSN21664AT_4.jpg,data/derived-images/public-700x700/HYSN21664AT/HYSN21664AT-04-700x700.jpg,HYSN21664AT/HYSN21664AT-04-700x700.jpg,false,jpg,700,700,
HYTG21690AT,hytg21690at,1,data/raw-images/wordpress-public/HYTG21690AT/HYTG21690AT_1.jpg,data/derived-images/public-700x700/HYTG21690AT/HYTG21690AT-01-700x700.jpg,HYTG21690AT/HYTG21690AT-01-700x700.jpg,true,jpg,700,700,
HYTG21690AT,hytg21690at,2,data/raw-images/wordpress-public/HYTG21690AT/HYTG21690AT_2.jpg,data/derived-images/public-700x700/HYTG21690AT/HYTG21690AT-02-700x700.jpg,HYTG21690AT/HYTG21690AT-02-700x700.jpg,false,jpg,700,700,
HYTG21690AT,hytg21690at,3,data/raw-images/wordpress-public/HYTG21690AT/HYTG21690AT_3.jpg,data/derived-images/public-700x700/HYTG21690AT/HYTG21690AT-03-700x700.jpg,HYTG21690AT/HYTG21690AT-03-700x700.jpg,false,jpg,700,700,
HYTG21690AT,hytg21690at,4,data/raw-images/wordpress-public/HYTG21690AT/HYTG21690AT_4.jpg,data/derived-images/public-700x700/HYTG21690AT/HYTG21690AT-04-700x700.jpg,HYTG21690AT/HYTG21690AT-04-700x700.jpg,false,jpg,700,700,
HYTG21690AT,hytg21690at,5,data/raw-images/wordpress-public/HYTG21690AT/HYTG21690AT_5.jpg,data/derived-images/public-700x700/HYTG21690AT/HYTG21690AT-05-700x700.jpg,HYTG21690AT/HYTG21690AT-05-700x700.jpg,false,jpg,700,700,
HYTG21690AT,hytg21690at,6,data/raw-images/wordpress-public/HYTG21690AT/HYTG21690AT_6.jpg,data/derived-images/public-700x700/HYTG21690AT/HYTG21690AT-06-700x700.jpg,HYTG21690AT/HYTG21690AT-06-700x700.jpg,false,jpg,700,700,
HYTG23807AT,hytg23807at,1,data/raw-images/wordpress-public/HYTG23807AT/HYTG23807AT_1.jpg,data/derived-images/public-700x700/HYTG23807AT/HYTG23807AT-01-700x700.jpg,HYTG23807AT/HYTG23807AT-01-700x700.jpg,true,jpg,700,700,
HYTG23807AT,hytg23807at,2,data/raw-images/wordpress-public/HYTG23807AT/HYTG23807AT_2.jpg,data/derived-images/public-700x700/HYTG23807AT/HYTG23807AT-02-700x700.jpg,HYTG23807AT/HYTG23807AT-02-700x700.jpg,false,jpg,700,700,
HYTG23807AT,hytg23807at,3,data/raw-images/wordpress-public/HYTG23807AT/HYTG23807AT_3.jpg,data/derived-images/public-700x700/HYTG23807AT/HYTG23807AT-03-700x700.jpg,HYTG23807AT/HYTG23807AT-03-700x700.jpg,false,jpg,700,700,
HYTG23840AT,hytg23840at,1,data/raw-images/wordpress-public/HYTG23840AT/HYTG23840AT_1.jpg,data/derived-images/public-700x700/HYTG23840AT/HYTG23840AT-01-700x700.jpg,HYTG23840AT/HYTG23840AT-01-700x700.jpg,true,jpg,700,700,
HYTG23841AT,hytg23841at,1,data/raw-images/wordpress-public/HYTG23841AT/HYTG23841AT_1.jpg,data/derived-images/public-700x700/HYTG23841AT/HYTG23841AT-01-700x700.jpg,HYTG23841AT/HYTG23841AT-01-700x700.jpg,true,jpg,700,700,
HYTG23850AT,hytg23850at,1,data/raw-images/wordpress-public/HYTG23850AT/HYTG23850AT_1.jpg,data/derived-images/public-700x700/HYTG23850AT/HYTG23850AT-01-700x700.jpg,HYTG23850AT/HYTG23850AT-01-700x700.jpg,true,jpg,700,700,
HYTG23851AT,hytg23851at,1,data/raw-images/wordpress-public/HYTG23851AT/HYTG23851AT_1.jpg,data/derived-images/public-700x700/HYTG23851AT/HYTG23851AT-01-700x700.jpg,HYTG23851AT/HYTG23851AT-01-700x700.jpg,true,jpg,700,700,
HYTG23851AT,hytg23851at,2,data/raw-images/wordpress-public/HYTG23851AT/HYTG23851AT_2.jpg,data/derived-images/public-700x700/HYTG23851AT/HYTG23851AT-02-700x700.jpg,HYTG23851AT/HYTG23851AT-02-700x700.jpg,false,jpg,700,700,
HYTG23851AT,hytg23851at,3,data/raw-images/wordpress-public/HYTG23851AT/HYTG23851AT_3.jpg,data/derived-images/public-700x700/HYTG23851AT/HYTG23851AT-03-700x700.jpg,HYTG23851AT/HYTG23851AT-03-700x700.jpg,false,jpg,700,700,
HYZV23810AT,hyzv23810at,1,data/raw-images/wordpress-public/HYZV23810AT/HYZV23810AT_1.jpg,data/derived-images/public-700x700/HYZV23810AT/HYZV23810AT-01-700x700.jpg,HYZV23810AT/HYZV23810AT-01-700x700.jpg,true,jpg,700,700,
HYZV23810AT,hyzv23810at,2,data/raw-images/wordpress-public/HYZV23810AT/HYZV23810AT_2.jpg,data/derived-images/public-700x700/HYZV23810AT/HYZV23810AT-02-700x700.jpg,HYZV23810AT/HYZV23810AT-02-700x700.jpg,false,jpg,700,700,
HYZV23810AT,hyzv23810at,3,data/raw-images/wordpress-public/HYZV23810AT/HYZV23810AT_3.jpg,data/derived-images/public-700x700/HYZV23810AT/HYZV23810AT-03-700x700.jpg,HYZV23810AT/HYZV23810AT-03-700x700.jpg,false,jpg,700,700,
MDHZMD249AT,mdhzmd249at,1,data/raw-images/wordpress-public/MDHZMD249AT/MDHZMD249AT_1.jpg,data/derived-images/public-700x700/MDHZMD249AT/MDHZMD249AT-01-700x700.jpg,MDHZMD249AT/MDHZMD249AT-01-700x700.jpg,true,jpg,700,700,
MDHZMD249AT,mdhzmd249at,2,data/raw-images/wordpress-public/MDHZMD249AT/MDHZMD249AT_2.jpg,data/derived-images/public-700x700/MDHZMD249AT/MDHZMD249AT-02-700x700.jpg,MDHZMD249AT/MDHZMD249AT-02-700x700.jpg,false,jpg,700,700,
MDHZMD249AT,mdhzmd249at,3,data/raw-images/wordpress-public/MDHZMD249AT/MDHZMD249AT_3.jpg,data/derived-images/public-700x700/MDHZMD249AT/MDHZMD249AT-03-700x700.jpg,MDHZMD249AT/MDHZMD249AT-03-700x700.jpg,false,jpg,700,700,
MIBL22768AT,mibl22768at,1,data/raw-images/wordpress-public/MIBL22768AT/MIBL22768AT_1.jpg,data/derived-images/public-700x700/MIBL22768AT/MIBL22768AT-01-700x700.jpg,MIBL22768AT/MIBL22768AT-01-700x700.jpg,true,jpg,700,700,
MIBL22768AT,mibl22768at,2,data/raw-images/wordpress-public/MIBL22768AT/MIBL22768AT_2.jpg,data/derived-images/public-700x700/MIBL22768AT/MIBL22768AT-02-700x700.jpg,MIBL22768AT/MIBL22768AT-02-700x700.jpg,false,jpg,700,700,
MIIV23861AT,miiv23861at,1,data/raw-images/wordpress-public/MIIV23861AT/MIIV23861AT_1.jpg,data/derived-images/public-700x700/MIIV23861AT/MIIV23861AT-01-700x700.jpg,MIIV23861AT/MIIV23861AT-01-700x700.jpg,true,jpg,700,700,
MINB21638AT,minb21638at,1,data/raw-images/wordpress-public/MINB21638AT/MINB21638AT_1.jpg,data/derived-images/public-700x700/MINB21638AT/MINB21638AT-01-700x700.jpg,MINB21638AT/MINB21638AT-01-700x700.jpg,true,jpg,700,700,
MIOT23836AT,miot23836at,1,data/raw-images/wordpress-public/MIOT23836AT/MIOT23836AT_1.jpg,data/derived-images/public-700x700/MIOT23836AT/MIOT23836AT-01-700x700.jpg,MIOT23836AT/MIOT23836AT-01-700x700.jpg,true,jpg,700,700,
MIOT23836AT,miot23836at,2,data/raw-images/wordpress-public/MIOT23836AT/MIOT23836AT_2.jpg,data/derived-images/public-700x700/MIOT23836AT/MIOT23836AT-02-700x700.jpg,MIOT23836AT/MIOT23836AT-02-700x700.jpg,false,jpg,700,700,
MIOT23836AT,miot23836at,3,data/raw-images/wordpress-public/MIOT23836AT/MIOT23836AT_3.jpg,data/derived-images/public-700x700/MIOT23836AT/MIOT23836AT-03-700x700.jpg,MIOT23836AT/MIOT23836AT-03-700x700.jpg,false,jpg,700,700,
MIOT23836AT,miot23836at,4,data/raw-images/wordpress-public/MIOT23836AT/MIOT23836AT_4.jpg,data/derived-images/public-700x700/MIOT23836AT/MIOT23836AT-04-700x700.jpg,MIOT23836AT/MIOT23836AT-04-700x700.jpg,false,jpg,700,700,
MIOT23838AT,miot23838at,1,data/raw-images/wordpress-public/MIOT23838AT/MIOT23838AT_1.jpg,data/derived-images/public-700x700/MIOT23838AT/MIOT23838AT-01-700x700.jpg,MIOT23838AT/MIOT23838AT-01-700x700.jpg,true,jpg,700,700,
MIOT23857AT,miot23857at,1,data/raw-images/wordpress-public/MIOT23857AT/MIOT23857AT_1.jpg,data/derived-images/public-700x700/MIOT23857AT/MIOT23857AT-01-700x700.jpg,MIOT23857AT/MIOT23857AT-01-700x700.jpg,true,jpg,700,700,
MIYY18214AT,miyy18214at,1,data/raw-images/wordpress-public/MIYY18214AT/MIYY18214AT_1.jpg,data/derived-images/public-700x700/MIYY18214AT/MIYY18214AT-01-700x700.jpg,MIYY18214AT/MIYY18214AT-01-700x700.jpg,true,jpg,700,700,
OOEL15011AT,ooel15011at,1,data/raw-images/wordpress-public/OOEL15011AT/noimage.jpg,data/derived-images/public-700x700/OOEL15011AT/OOEL15011AT-01-700x700.jpg,OOEL15011AT/OOEL15011AT-01-700x700.jpg,true,jpg,700,700,
OYGX22780AT,oygx22780at,1,data/raw-images/wordpress-public/OYGX22780AT/OYGX22780AT_1.png,data/derived-images/public-700x700/OYGX22780AT/OYGX22780AT-01-700x700.jpg,OYGX22780AT/OYGX22780AT-01-700x700.jpg,true,jpg,700,700,flattened_alpha
OYNT22775AT,oynt22775at,1,data/raw-images/wordpress-public/OYNT22775AT/OYNT22775AT_1.png,data/derived-images/public-700x700/OYNT22775AT/OYNT22775AT-01-700x700.jpg,OYNT22775AT/OYNT22775AT-01-700x700.jpg,true,jpg,700,700,flattened_alpha
OYNT22775AT,oynt22775at,2,data/raw-images/wordpress-public/OYNT22775AT/OYNT22775AT_2.png,data/derived-images/public-700x700/OYNT22775AT/OYNT22775AT-02-700x700.jpg,OYNT22775AT/OYNT22775AT-02-700x700.jpg,false,jpg,700,700,flattened_alpha
OYNT22776AT,oynt22776at,1,data/raw-images/wordpress-public/OYNT22776AT/OYNT22776AT_1.png,data/derived-images/public-700x700/OYNT22776AT/OYNT22776AT-01-700x700.jpg,OYNT22776AT/OYNT22776AT-01-700x700.jpg,true,jpg,700,700,flattened_alpha
OYNT22776AT,oynt22776at,2,data/raw-images/wordpress-public/OYNT22776AT/OYNT22776AT_2.png,data/derived-images/public-700x700/OYNT22776AT/OYNT22776AT-02-700x700.jpg,OYNT22776AT/OYNT22776AT-02-700x700.jpg,false,jpg,700,700,flattened_alpha
OYNT22776AT,oynt22776at,3,data/raw-images/wordpress-public/OYNT22776AT/OYNT22776AT_3.png,data/derived-images/public-700x700/OYNT22776AT/OYNT22776AT-03-700x700.jpg,OYNT22776AT/OYNT22776AT-03-700x700.jpg,false,jpg,700,700,flattened_alpha
OYNT22777AT,oynt22777at,1,data/raw-images/wordpress-public/OYNT22777AT/OYNT22777AT_1.png,data/derived-images/public-700x700/OYNT22777AT/OYNT22777AT-01-700x700.jpg,OYNT22777AT/OYNT22777AT-01-700x700.jpg,true,jpg,700,700,flattened_alpha
OYNT22777AT,oynt22777at,2,data/raw-images/wordpress-public/OYNT22777AT/OYNT22777AT_2.png,data/derived-images/public-700x700/OYNT22777AT/OYNT22777AT-02-700x700.jpg,OYNT22777AT/OYNT22777AT-02-700x700.jpg,false,jpg,700,700,flattened_alpha
