source_row_no,internal_id,sd_product_code,product_name,status,issue_codes,issue_messages,parsed_store_legacy_code,parsed_maker_legacy_code,parsed_purchase_year_code,parsed_serial_no,parsed_part_legacy_code,expected_store_code,expected_maker_code,expected_purchase_year_code,expected_serial_no,expected_part_code
2,P0000001,OOB116001AT,B1チェーン,ok,,,OO,B1,16,001,AT,OO,B1,16,1,AT
3,P0000002,OOB116002AT,マシン用ピン,ok,,,OO,B1,16,002,AT,OO,B1,16,2,AT
4,P0000003,OOCY16003LG,VRブローンレッグカール,ok,,,OO,CY,16,003,LG,OO,CY,16,3,LG
5,P0000004,OOCY16004CH,オリンピックベンチ,ok,,,OO,CY,16,004,CH,OO,CY,16,4,CH
6,P0000005,HYCY17005BK,ラットプルダウン,ok,,,HY,CY,17,005,BK,HY,CY,17,5,BK
7,P0000006,OOCY15006AT,シングルケーブル,ok,,,OO,CY,15,006,AT,OO,CY,15,6,AT
8,P0000007,OOEG15007AT,ロープーリーハンドル,ok,,,OO,EG,15,007,AT,OO,EG,15,7,AT
9,P0000008,OOEL15008AT,EZバー,ok,,,OO,EL,15,008,AT,OO,EL,15,8,AT
10,P0000009,HYEL15009AT,30kgディスクダンベル・ペア,ok,,,HY,EL,15,009,AT,HY,EL,15,9,AT
11,P0000010,OOEL15010AT,ハーフスクワットラック,ok,,,OO,EL,15,010,AT,OO,EL,15,10,AT
12,P0000011,OOEL15011AT,ダンベルラック,ok,,,OO,EL,15,011,AT,OO,EL,15,11,AT
13,P0000012,HYEL15012AT,57.5kgディスクダンベル・ペア・未使用品,ok,,,HY,EL,15,012,AT,HY,EL,15,12,AT
14,P0000013,HYEL15013AT,30kgディスクダンベル・ペア・未使用品,ok,,,HY,EL,15,013,AT,HY,EL,15,13,AT
15,P0000014,OOEL15014AT,17.5kgディスクダンベル・ペア・未使用品,ok,,,OO,EL,15,014,AT,OO,EL,15,14,AT
16,P0000015,OOEL15015AT,12.5kgディスクダンベル・ペア・未使用品,ok,,,OO,EL,15,015,AT,OO,EL,15,15,AT
17,P0000016,OOEL15016AT,6kgダンベル・ペア・未使用品,ok,,,OO,EL,15,016,AT,OO,EL,15,16,AT
18,P0000017,OOEL15017AT,アジャスタブルベンチ・未使用品,ok,,,OO,EL,15,017,AT,OO,EL,15,17,AT
19,P0000018,OOEL15018AT,サンドバック,warning,legacy_maker_code_alias,Legacy maker code EL is accepted for expected EV.,OO,EL,15,018,AT,OO,EV,15,18,AT
20,P0000019,OOFL16019AT,プラットホーム,ok,,,OO,FL,16,019,AT,OO,FL,16,19,AT
21,P0000020,OOFL16020AT,オリンピックミリタリーベンチ,ok,,,OO,FL,16,020,AT,OO,FL,16,20,AT
22,P0000021,OOFL16021AT,アクセサリーラック,ok,,,OO,FL,16,021,AT,OO,FL,16,21,AT
23,P0000022,OOFL16022AT,アジャスタブルインクラインベンチ,ok,,,OO,FL,16,022,AT,OO,FL,16,22,AT
24,P0000023,OOFL16023AB,VKR,ok,,,OO,FL,16,023,AB,OO,FL,16,23,AB
25,P0000024,OOFL17024AT,オリンピックフラットベンチ,ok,,,OO,FL,17,024,AT,OO,FL,17,24,AT
26,P0000025,OOFL15025AT,アジャスタブルベンチ,ok,,,OO,FL,15,025,AT,OO,FL,15,25,AT
27,P0000026,OOFL15026AM,シーテッドカール,ok,,,OO,FL,15,026,AM,OO,FL,15,26,AM
28,P0000027,OOFL15027AT,オリンピックインクラインベンチ,ok,,,OO,FL,15,027,AT,OO,FL,15,27,AT
29,P0000028,OOFL15028AT,オリンピックベンチ,ok,,,OO,FL,15,028,AT,OO,FL,15,28,AT
30,P0000029,OOFL15029AT,オリンピックディクラインベンチ,ok,,,OO,FL,15,029,AT,OO,FL,15,29,AT
31,P0000030,OOFL16030AT,フラットベンチ,ok,,,OO,FL,16,030,AT,OO,FL,16,30,AT
32,P0000031,OOFL16031LG,シーテッドカーフ,ok,,,OO,FL,16,031,LG,OO,FL,16,31,LG
33,P0000032,OOFL15032AT,オリンピックベンチ,ok,,,OO,FL,15,032,AT,OO,FL,15,32,AT
34,P0000033,OOFL15033AT,オリンピックインクラインベンチ,ok,,,OO,FL,15,033,AT,OO,FL,15,33,AT
35,P0000034,OOFM17034BK,ラットプルダウン,ok,,,OO,FM,17,034,BK,OO,FM,17,34,BK
36,P0000035,OOGG15035AT,パワーグリップス,ok,,,OO,GG,15,035,AT,OO,GG,15,35,AT
37,P0000036,OOGP16036AT,ウレタンソリッドダンベル,ok,,,OO,GP,16,036,AT,OO,GP,16,36,AT
38,P0000037,OOHs18037AT,プレートホルダー,warning,maker_legacy_code_ambiguous,"Maker legacy code HS is shared by ['HAMMER_STRENGTH', 'HS'].",OO,HS,18,037,AT,OO,HS,18,37,AT
39,P0000038,OOIC16038SH,ショルダープレス,ok,,,OO,IC,16,038,SH,OO,IC,16,38,SH
40,P0000039,OOIC16039CH,ベンチプレス,ok,,,OO,IC,16,039,CH,OO,IC,16,39,CH
41,P0000040,OOIC17040AT,アブドミナルベンチ,ok,,,OO,IC,17,040,AT,OO,IC,17,40,AT
42,P0000041,OOISAT041AT,パワーラック,warning,legacy_purchase_year_code,Legacy purchase year code AT is accepted for existing data.,OO,IS,AT,041,AT,OO,IS,,41,AT
43,P0000042,OOIG15042AT,ラバーダンベル55ポンド(約25キロ)ペア,warning,maker_legacy_code_ambiguous,"Maker legacy code IG is shared by ['IGNIO', 'IRON_GRIP'].",OO,IG,15,042,AT,OO,IG,15,42,AT
44,P0000043,OOIG15043AT,ソリッドプレート2.5kg1枚,warning,maker_legacy_code_ambiguous,"Maker legacy code IG is shared by ['IGNIO', 'IRON_GRIP'].",OO,IG,15,043,AT,OO,IG,15,43,AT
45,P0000044,OOIG15044AT,20kgソリッドプレート1枚,warning,maker_legacy_code_ambiguous,"Maker legacy code IG is shared by ['IGNIO', 'IRON_GRIP'].",OO,IG,15,044,AT,OO,IG,15,44,AT
46,P0000045,OOIV16045AT,オリンピックプレート 2ポンド×8枚,ok,,,OO,IV,16,045,AT,OO,IV,16,45,AT
47,P0000046,OOIV16046AM,ペイントセットダンベル 45ポンド1ペア,ok,,,OO,IV,16,046,AM,OO,IV,16,46,AM
48,P0000047,OOIV16047AT,3段ダンベルラック,ok,,,OO,IV,16,047,AT,OO,IV,16,47,AT
49,P0000048,OOIV16048AT,ソリッドプレート 5kg×2,ok,,,OO,IV,16,048,AT,OO,IV,16,48,AT
50,P0000049,OOIV16049AT,ラバープレート 15kg,ok,,,OO,IV,16,049,AT,OO,IV,16,49,AT
51,P0000050,OOIV16050AT,オリンピックシャフト,ok,,,OO,IV,16,050,AT,OO,IV,16,50,AT
52,P0000051,OOIV16051AT,リボルビングカールバー・未使用品,ok,,,OO,IV,16,051,AT,OO,IV,16,51,AT
53,P0000052,HYIV16052AT,パラレルラットバー・未使用品,ok,,,HY,IV,16,052,AT,HY,IV,16,52,AT
54,P0000053,OOIV16053AT,オリンピックショートバー,ok,,,OO,IV,16,053,AT,OO,IV,16,53,AT
55,P0000054,OOIV16054AT,スクワットパッド・未使用品,ok,,,OO,IV,16,054,AT,OO,IV,16,54,AT
56,P0000055,OOIV16055AT,ペイントセットダンベル 95ポンド(約43キロ)1ペア,ok,,,OO,IV,16,055,AT,OO,IV,16,55,AT
57,P0000056,OOIV16056AT,高重量ダンベル 170ポンド,ok,,,OO,IV,16,056,AT,OO,IV,16,56,AT
58,P0000057,OOIV16057AT,ソリッドプレート 1.25kg,ok,,,OO,IV,16,057,AT,OO,IV,16,57,AT
59,P0000058,OOIV16058AT,トライセップスロープ・未使用品,ok,,,OO,IV,16,058,AT,OO,IV,16,58,AT
60,P0000059,OOIV16059AT,リボルビングカールバー・中古,ok,,,OO,IV,16,059,AT,OO,IV,16,59,AT
61,P0000060,OOIVAT060BK,45度バックエクステンション,warning,legacy_purchase_year_code | legacy_maker_code_alias,Legacy purchase year code AT is accepted for existing data. | Legacy maker code IV is accepted for expected LGF.,OO,IV,AT,060,BK,OO,LGF,,60,BK
62,P0000061,OOLF16061AB,アブドミナルマシン,warning,maker_legacy_code_ambiguous,"Maker legacy code LF is shared by ['LAFITNESS', 'LIFE_FITNESS'].",OO,LF,16,061,AB,OO,LF,16,61,AB
63,P0000062,OOLF16062AM,バイセップス,warning,maker_legacy_code_ambiguous,"Maker legacy code LF is shared by ['LAFITNESS', 'LIFE_FITNESS'].",OO,LF,16,062,AM,OO,LF,16,62,AM
64,P0000063,OOLF15063AT,クロストレーナー,warning,maker_legacy_code_ambiguous,"Maker legacy code LF is shared by ['LAFITNESS', 'LIFE_FITNESS'].",OO,LF,15,063,AT,OO,LF,15,63,AT
65,P0000064,OOLF15064LG,スピニングバイク,warning,maker_legacy_code_ambiguous,"Maker legacy code LF is shared by ['LAFITNESS', 'LIFE_FITNESS'].",OO,LF,15,064,LG,OO,LF,15,64,LG
66,P0000065,HYMX17065BK,バックエクステンション,ok,,,HY,MX,17,065,BK,HY,MX,17,65,BK
67,P0000066,HYMX17066CH,オリンピックフラットベンチ,ok,,,HY,MX,17,066,CH,HY,MX,17,66,CH
68,P0000067,HYNB16067AT,パワーラック,ok,,,HY,NB,16,067,AT,HY,NB,16,67,AT
69,P0000068,HYNP18068BI,プレートラック台車付き,ok,,,HY,NP,18,068,BI,HY,NP,18,68,BI
70,P0000069,OONS16069AM,アイアンアレイ 7kg 1ペア,ok,,,OO,NS,16,069,AM,OO,NS,16,69,AM
71,P0000070,OONS16070AM,アイアンアレイ 9kg 1ペア,ok,,,OO,NS,16,070,AM,OO,NS,16,70,AM
72,P0000071,OONS15071AT,スクワットラック,ok,,,OO,NS,15,071,AT,OO,NS,15,71,AT
73,P0000072,OOPR18072CH,シーテッドベンチプレス,ok,,,OO,PR,18,072,CH,OO,PR,18,72,CH
74,P0000073,OOPR18073SH,シーテッドショルダープレス,ok,,,OO,PR,18,073,SH,OO,PR,18,73,SH
75,P0000074,OOPT17074AT,プラッツ介護用マシン4台,ok,,,OO,PT,17,074,AT,OO,PT,17,74,AT
76,P0000075,HYRB16075LG,カーフレイズステップ,ok,,,HY,RB,16,075,LG,HY,RB,16,75,LG
77,P0000076,HYRG20076AT,セーフティスクワットバー,ok,,,HY,RG,20,076,AT,HY,RG,20,76,AT
78,P0000077,OOSW15077AT,スピニングバイク,ok,,,OO,SW,15,077,AT,OO,SW,15,77,AT
79,P0000078,OOSN15078AT,アブドミナルボード,ok,,,OO,SN,15,078,AT,OO,SN,15,78,AT
80,P0000079,SASN15079CH,アジャスタブルベンチ,ok,,,SA,SN,15,079,CH,SA,SN,15,79,CH
81,P0000080,HYSD16080AT,さび落としクリーナー 1kg,ok,,,HY,SD,16,080,AT,HY,SD,16,80,AT
82,P0000081,OOSD16081AT,さび落としクリーナー 100g,ok,,,OO,SD,16,081,AT,OO,SD,16,81,AT
83,P0000082,OOSD15082AT,100ポンドプレート型ペンダント,ok,,,OO,SD,15,082,AT,OO,SD,15,82,AT
84,P0000083,OOIR15083AT,レッドコード,ok,,,OO,IR,15,083,AT,OO,IR,15,83,AT
85,P0000084,HYYK15084AT,ローマンチェアー,ok,,,HY,YK,15,084,AT,HY,YK,15,84,AT
86,P0000085,OOGX15085AT,4WAYネック,ok,,,OO,GX,15,085,AT,OO,GX,15,85,AT
87,P0000086,OOGX15086SH,ショルダープレスベンチ,ok,,,OO,GX,15,086,SH,OO,GX,15,86,SH
88,P0000087,HYKT16087AT,ブラックターフ,warning,legacy_maker_code_alias,Legacy maker code KT is accepted for expected KO.,HY,KT,16,087,AT,HY,KO,16,87,AT
89,P0000088,OONT17088LG,ヒップアダクション,ok,,,OO,NT,17,088,LG,OO,NT,17,88,LG
90,P0000089,OONT18089BK,プルダウン,ok,,,OO,NT,18,089,BK,OO,NT,18,89,BK
91,P0000090,OONT15090AT,レッグエクステンション,ok,,,OO,NT,15,090,AT,OO,NT,15,90,AT
92,P0000091,OONT15091CH,マルチエクササイズ オリジナル,ok,,,OO,NT,15,091,CH,OO,NT,15,91,CH
93,P0000092,OONT15092AT,ロータリートーソー ネクスト,ok,,,OO,NT,15,092,AT,OO,NT,15,92,AT
94,P0000093,OONT15093AT,ショルダープレス NEXT,ok,,,OO,NT,15,093,AT,OO,NT,15,93,AT
95,P0000094,OONT15094AM,アームクロス NEXT,ok,,,OO,NT,15,094,AM,OO,NT,15,94,AM
96,P0000095,OONT15095AT,ラットプルダウン,ok,,,OO,NT,15,095,AT,OO,NT,15,95,AT
97,P0000096,OONT15096AT,シーテッドアブ2ST,ok,,,OO,NT,15,096,AT,OO,NT,15,96,AT
98,P0000097,OONT15097AT,アブダクター,ok,,,OO,NT,15,097,AT,OO,NT,15,97,AT
99,P0000098,OONT15098LG,アブダクション/アダクション,ok,,,OO,NT,15,098,LG,OO,NT,15,98,LG
100,P0000099,OONT15099AT,トライセップス ネクスト,ok,,,OO,NT,15,099,AT,OO,NT,15,99,AT
101,P0000100,OONT15100AT,NITRO プルオーバー,ok,,,OO,NT,15,100,AT,OO,NT,15,100,AT
102,P0000101,HYNT15101AT,トライセップス 2ST,ok,,,HY,NT,15,101,AT,HY,NT,15,101,AT
103,P0000102,OONT15102AT,リアデルトイド,ok,,,OO,NT,15,102,AT,OO,NT,15,102,AT
104,P0000103,OONT15103AT,オーバーヘッドプレス オリジナル機,ok,,,OO,NT,15,103,AT,OO,NT,15,103,AT
105,P0000104,OONT15104AT,アームクロス 2st,ok,,,OO,NT,15,104,AT,OO,NT,15,104,AT
106,P0000105,OONT15105AM,ベンチプレス ネクスト,ok,,,OO,NT,15,105,AM,OO,NT,15,105,AM
107,P0000106,OONT15106AT,マルチトライセップス オリジナル機,ok,,,OO,NT,15,106,AT,OO,NT,15,106,AT
108,P0000107,OONT16107CH,マルチエクササイズ オリジナル,ok,,,OO,NT,16,107,CH,OO,NT,16,107,CH
109,P0000108,OONT16108AM,アームクロス ネクスト,ok,,,OO,NT,16,108,AM,OO,NT,16,108,AM
110,P0000109,OONT16109AM,アームクロス オリジナル,ok,,,OO,NT,16,109,AM,OO,NT,16,109,AM
111,P0000110,OONT16110AT,アームクロス 2st,ok,,,OO,NT,16,110,AT,OO,NT,16,110,AT
112,P0000111,OONT16111AT,デュオディクラインプレス ネクスト,ok,,,OO,NT,16,111,AT,OO,NT,16,111,AT
113,P0000112,OONT16112BK,ローワーバック ネクスト,ok,,,OO,NT,16,112,BK,OO,NT,16,112,BK
114,P0000113,OONT16113BK,ローワーバック オリジナル,ok,,,OO,NT,16,113,BK,OO,NT,16,113,BK
115,P0000114,OONT16114AT,スクワットラック,ok,,,OO,NT,16,114,AT,OO,NT,16,114,AT
116,P0000115,OONT16115AT,ストレートバー,ok,,,OO,NT,16,115,AT,OO,NT,16,115,AT
117,P0000116,OONT16116AT,トレーニングマシン13台オリジナル,ok,,,OO,NT,16,116,AT,OO,NT,16,116,AT
118,P0000117,OONT16117AM,ベンチプレス2st,ok,,,OO,NT,16,117,AM,OO,NT,16,117,AM
119,P0000118,OONT16118AB,ロータリートーソーネクスト,ok,,,OO,NT,16,118,AB,OO,NT,16,118,AB
120,P0000119,OONT16119AT,ベンチプレス ネクスト,ok,,,OO,NT,16,119,AT,OO,NT,16,119,AT
121,P0000120,OONT16120AT,DUOヒップ&バック オリジナル,ok,,,OO,NT,16,120,AT,OO,NT,16,120,AT
122,P0000121,OONT16121LG,DUOヒップ&バック オリジナル,ok,,,OO,NT,16,121,LG,OO,NT,16,121,LG
123,P0000122,OONT16122AT,ヒップフレクション,ok,,,OO,NT,16,122,AT,OO,NT,16,122,AT
124,P0000123,OONT16123AB,ロータリートーソー オリジナル,ok,,,OO,NT,16,123,AB,OO,NT,16,123,AB
125,P0000124,OONT16124,4WAYネック ネクスト,warning,legacy_empty_part_code,"Legacy empty part code detected. Existing code is accepted, but new numbering should use a non-empty part code.",OO,NT,16,124,,OO,NT,16,124,
126,P0000125,OONB16125AT,クロームダンベル5kg,ok,,,OO,NB,16,125,AT,OO,NB,16,125,AT
127,P0000126,OONB16126AT,鉄アレイ20kg,ok,,,OO,NB,16,126,AT,OO,NB,16,126,AT
128,P0000127,OONB16127AT,ラバーオリンピックプレート 25ポンド 1枚,ok,,,OO,NB,16,127,AT,OO,NB,16,127,AT
129,P0000128,OONB16128AT,ラバーオリンピックプレート 5ポンド 1枚,ok,,,OO,NB,16,128,AT,OO,NB,16,128,AT
130,P0000129,OONB16129AT,ラットバー,ok,,,OO,NB,16,129,AT,OO,NB,16,129,AT
131,P0000130,OONB16130AT,ストレートバー,ok,,,OO,NB,16,130,AT,OO,NB,16,130,AT
132,P0000131,OONB16131AT,ロープリーハンドル,ok,,,OO,NB,16,131,AT,OO,NB,16,131,AT
133,P0000132,OONB16132AT,トライセップロープ,ok,,,OO,NB,16,132,AT,OO,NB,16,132,AT
134,P0000133,HYNB17133AT,ダンベルセット12~20K(ラック付き),ok,,,HY,NB,17,133,AT,HY,NB,17,133,AT
135,P0000134,OONB15134AT,オリンピックカラー2.5kg,ok,,,OO,NB,15,134,AT,OO,NB,15,134,AT
136,P0000135,OONB15135AT,シングルケーブルハンドル,ok,,,OO,NB,15,135,AT,OO,NB,15,135,AT
137,P0000136,OONB15136AT,鏡,ok,,,OO,NB,15,136,AT,OO,NB,15,136,AT
138,P0000137,OONB15137AT,4段鉄アレイラック,ok,,,OO,NB,15,137,AT,OO,NB,15,137,AT
139,P0000138,OONB15138AT,ゴムマット,ok,,,OO,NB,15,138,AT,OO,NB,15,138,AT
140,P0000139,OONB15139AT,ストレッチマット,ok,,,OO,NB,15,139,AT,OO,NB,15,139,AT
141,P0000140,OONB15140AT,ストレッチマット3つ折り,ok,,,OO,NB,15,140,AT,OO,NB,15,140,AT
142,P0000141,OONB15141AT,サンドバック,ok,,,OO,NB,15,141,AT,OO,NB,15,141,AT
143,P0000142,OONB15142AT,スタンド型サンドバック,ok,,,OO,NB,15,142,AT,OO,NB,15,142,AT
144,P0000143,OONB15143AT,体重計,ok,,,OO,NB,15,143,AT,OO,NB,15,143,AT
145,P0000144,OONB15144AT,身長計,ok,,,OO,NB,15,144,AT,OO,NB,15,144,AT
146,P0000145,SANB15145AT,カード式ロッカー,ok,,,SA,NB,15,145,AT,SA,NB,15,145,AT
147,P0000146,OOHS16146AM,トライセップスエクテンション,warning,maker_legacy_code_ambiguous,"Maker legacy code HS is shared by ['HAMMER_STRENGTH', 'HS'].",OO,HS,16,146,AM,OO,HS,16,146,AM
148,P0000147,OOHS16147AT,レッグエクステンション,warning,maker_legacy_code_ambiguous,"Maker legacy code HS is shared by ['HAMMER_STRENGTH', 'HS'].",OO,HS,16,147,AT,OO,HS,16,147,AT
149,P0000148,OOHS16148AT,シングルダンベルラック,warning,maker_legacy_code_ambiguous,"Maker legacy code HS is shared by ['HAMMER_STRENGTH', 'HS'].",OO,HS,16,148,AT,OO,HS,16,148,AT
150,P0000149,OOHS16149CH,ISOチェスト&フライ,warning,maker_legacy_code_ambiguous,"Maker legacy code HS is shared by ['HAMMER_STRENGTH', 'HS'].",OO,HS,16,149,CH,OO,HS,16,149,CH
151,P0000150,OOHS16150AT,アブドミナルボード,warning,maker_legacy_code_ambiguous,"Maker legacy code HS is shared by ['HAMMER_STRENGTH', 'HS'].",OO,HS,16,150,AT,OO,HS,16,150,AT
152,P0000151,OOHS16151AT,ダンベルセット12~30kg +ラック,warning,maker_legacy_code_ambiguous,"Maker legacy code HS is shared by ['HAMMER_STRENGTH', 'HS'].",OO,HS,16,151,AT,OO,HS,16,151,AT
153,P0000152,OOHS16152AT,12~30kgダンベルセット(ラック付き),warning,maker_legacy_code_ambiguous,"Maker legacy code HS is shared by ['HAMMER_STRENGTH', 'HS'].",OO,HS,16,152,AT,OO,HS,16,152,AT
154,P0000153,OOHS18153AT,トライセップスシート,warning,maker_legacy_code_ambiguous,"Maker legacy code HS is shared by ['HAMMER_STRENGTH', 'HS'].",OO,HS,18,153,AT,OO,HS,18,153,AT
155,P0000154,OOHS17154LG,ディビア・ドルシ・フレクション,warning,maker_legacy_code_ambiguous,"Maker legacy code HS is shared by ['HAMMER_STRENGTH', 'HS'].",OO,HS,17,154,LG,OO,HS,17,154,LG
156,P0000155,OOHS15155AT,2段ダンベルラック,warning,maker_legacy_code_ambiguous,"Maker legacy code HS is shared by ['HAMMER_STRENGTH', 'HS'].",OO,HS,15,155,AT,OO,HS,15,155,AT
157,P0000156,OOHS15156AT,オリンピックディクラインベンチ,warning,maker_legacy_code_ambiguous,"Maker legacy code HS is shared by ['HAMMER_STRENGTH', 'HS'].",OO,HS,15,156,AT,OO,HS,15,156,AT
158,P0000157,OOBL16157AT,オリンピックアームカールバー,ok,,,OO,BL,16,157,AT,OO,BL,16,157,AT
159,P0000158,OOBL16158AT,ラバーダンベル 34kg旧ロゴ,ok,,,OO,BL,16,158,AT,OO,BL,16,158,AT
160,P0000159,OOBL16159AT,ラバーダンベル 58kg旧ロゴ,ok,,,OO,BL,16,159,AT,OO,BL,16,159,AT
161,P0000160,OOBL16160AT,オリンピックシャフト,ok,,,OO,BL,16,160,AT,OO,BL,16,160,AT
162,P0000161,HYBL16161AT,トレーニングロープ 40F/2インチ,ok,,,HY,BL,16,161,AT,HY,BL,16,161,AT
163,P0000162,OOBL16162AT,ラバープレート1.25,ok,,,OO,BL,16,162,AT,OO,BL,16,162,AT
164,P0000163,OOBL16163AT,ラバープレート2.5,ok,,,OO,BL,16,163,AT,OO,BL,16,163,AT
165,P0000164,OOBL16164AT,ラバープレート5,ok,,,OO,BL,16,164,AT,OO,BL,16,164,AT
166,P0000165,OOBL16165AT,ラバープレート10,ok,,,OO,BL,16,165,AT,OO,BL,16,165,AT
167,P0000166,OOBL16166AT,ラバープレート15,ok,,,OO,BL,16,166,AT,OO,BL,16,166,AT
168,P0000167,OOBL16167AT,ラバープレート20,ok,,,OO,BL,16,167,AT,OO,BL,16,167,AT
169,P0000168,OOBL16168AT,ラバープレート25,ok,,,OO,BL,16,168,AT,OO,BL,16,168,AT
170,P0000169,OOBL16169AT,ダンベルドロップマット,ok,,,OO,BL,16,169,AT,OO,BL,16,169,AT
171,P0000170,OOBL16170AT,トレーニングロープ 10F/1.5インチ,ok,,,OO,BL,16,170,AT,OO,BL,16,170,AT
172,P0000171,OOBL16171AT,パワーグリップ,ok,,,OO,BL,16,171,AT,OO,BL,16,171,AT
173,P0000172,OOBL16172AT,クリップカラー,ok,,,OO,BL,16,172,AT,OO,BL,16,172,AT
174,P0000173,OOHT16173AB,ロータリートーソー,ok,,,OO,HT,16,173,AB,OO,HT,16,173,AB
175,P0000174,OOHT15174LG,ハックスクワット,ok,,,OO,HT,15,174,LG,OO,HT,15,174,LG
176,P0000175,ATBMAT175AT,シーテッドカーフレイズ,warning,legacy_purchase_year_code | maker_legacy_code_ambiguous,"Legacy purchase year code AT is accepted for existing data. | Maker legacy code BM is shared by ['BODY_MAKER', 'BODY_MASTERS'].",AT,BM,AT,175,AT,,BM,,175,AT
177,P0000176,OOBM16176LG,ハックスクワット,warning,maker_legacy_code_ambiguous,"Maker legacy code BM is shared by ['BODY_MAKER', 'BODY_MASTERS'].",OO,BM,16,176,LG,OO,BM,16,176,LG
178,P0000177,OOBM15177AT,シーテッドトライセップスエクステンション,warning,maker_legacy_code_ambiguous,"Maker legacy code BM is shared by ['BODY_MAKER', 'BODY_MASTERS'].",OO,BM,15,177,AT,OO,BM,15,177,AT
179,P0000178,OOBM15178AT,スタンディングカーフ,warning,maker_legacy_code_ambiguous,"Maker legacy code BM is shared by ['BODY_MAKER', 'BODY_MASTERS'].",OO,BM,15,178,AT,OO,BM,15,178,AT
180,P0000179,OOBM15179AT,スタンディングロータリーヒップ,warning,maker_legacy_code_ambiguous,"Maker legacy code BM is shared by ['BODY_MAKER', 'BODY_MASTERS'].",OO,BM,15,179,AT,OO,BM,15,179,AT
181,P0000180,OOBM15180AT,ローワーバック,warning,maker_legacy_code_ambiguous,"Maker legacy code BM is shared by ['BODY_MAKER', 'BODY_MASTERS'].",OO,BM,15,180,AT,OO,BM,15,180,AT
182,P0000181,OOBM15181AT,アダクター,warning,maker_legacy_code_ambiguous,"Maker legacy code BM is shared by ['BODY_MAKER', 'BODY_MASTERS'].",OO,BM,15,181,AT,OO,BM,15,181,AT
183,P0000182,OOMGAT182AT,ラットプルダウン,warning,legacy_purchase_year_code,Legacy purchase year code AT is accepted for existing data.,OO,MG,AT,182,AT,OO,MG,,182,AT
184,P0000183,HYMC15183AT,クリップカラー・未使用品,warning,maker_legacy_code_ambiguous,"Maker legacy code MC is shared by ['MAXICAM', 'MUSCLE_CLAMP'].",HY,MC,15,183,AT,HY,MC,15,183,AT
185,P0000184,OONT18184AT,ラットプルダウン,ok,,,OO,NT,18,184,AT,OO,NT,18,184,AT
186,P0000185,OOPM18185AT,シーテッドロー,ok,,,OO,PM,18,185,AT,OO,PM,18,185,AT
187,P0000186,OOCY18186AT,パワーラック,ok,,,OO,CY,18,186,AT,OO,CY,18,186,AT
188,P0000187,OOFL18187AT,ラットプルダウン,ok,,,OO,FL,18,187,AT,OO,FL,18,187,AT
189,P0000188,OOHS18188AT,アジャスタブルベンチ,warning,maker_legacy_code_ambiguous,"Maker legacy code HS is shared by ['HAMMER_STRENGTH', 'HS'].",OO,HS,18,188,AT,OO,HS,18,188,AT
190,P0000189,OONT18189AT,レッグエクステンション,ok,,,OO,NT,18,189,AT,OO,NT,18,189,AT
191,P0000190,ATNT18190AT,パワーブロックu90+ラック,error,maker_mismatch,"Maker code mismatch: expected PB, got NT.",AT,NT,18,190,AT,,PB,18,190,AT
192,P0000191,HYBL18191AT,ラバープレート200,ok,,,HY,BL,18,191,AT,HY,BL,18,191,AT
193,P0000192,HYBL18192AT,アームカールバー,ok,,,HY,BL,18,192,AT,HY,BL,18,192,AT
194,P0000193,HYBL18193AT,オリンピックシャフト+クリップカラー,ok,,,HY,BL,18,193,AT,HY,BL,18,193,AT
195,P0000194,HYKT18194AT,ラバーマット,warning,legacy_maker_code_alias,Legacy maker code KT is accepted for expected KO.,HY,KT,18,194,AT,HY,KO,18,194,AT
196,P0000195,HYKT18195AT,ラバーマット,warning,legacy_maker_code_alias,Legacy maker code KT is accepted for expected KO.,HY,KT,18,195,AT,HY,KO,18,195,AT
197,P0000196,SASN18196AT,シーテッドロウ,ok,,,SA,SN,18,196,AT,SA,SN,18,196,AT
198,P0000197,SASN18197AT,ヒップアダクション・アブダクション,ok,,,SA,SN,18,197,AT,SA,SN,18,197,AT
199,P0000198,SASN18198AT,ショルダープレス,ok,,,SA,SN,18,198,AT,SA,SN,18,198,AT
200,P0000199,SASN18199AT,アブドミナル,ok,,,SA,SN,18,199,AT,SA,SN,18,199,AT
201,P0000200,SASN18200AT,バックエクステンション,ok,,,SA,SN,18,200,AT,SA,SN,18,200,AT
202,P0000201,SASN18201AT,ストレッチマット,ok,,,SA,SN,18,201,AT,SA,SN,18,201,AT
203,P0000202,SATC18202AT,チェストプレス,ok,,,SA,TC,18,202,AT,SA,TC,18,202,AT
204,P0000203,SAFR18203AT,複合マシン・セイフティーバー・プレート他,ok,,,SA,FR,18,203,AT,SA,FR,18,203,AT
205,P0000204,SANB18204AT,シットアップボード,ok,,,SA,NB,18,204,AT,SA,NB,18,204,AT
206,P0000205,SACY18205AT,アークトレーナー,ok,,,SA,CY,18,205,AT,SA,CY,18,205,AT
207,P0000206,SACY18206AT,ステップマシン,ok,,,SA,CY,18,206,AT,SA,CY,18,206,AT
208,P0000207,SAPR18207AT,バイク,ok,,,SA,PR,18,207,AT,SA,PR,18,207,AT
209,P0000208,SANT18208AT,Hip&Back,ok,,,SA,NT,18,208,AT,SA,NT,18,208,AT
210,P0000209,MIUV15209AT,プルオーバー,ok,,,MI,UV,15,209,AT,MI,UV,15,209,AT
211,P0000210,MINT17210AT,フライ,ok,,,MI,NT,17,210,AT,MI,NT,17,210,AT
212,P0000211,MIYY18211AT,シーティッドカーフレイズ,ok,,,MI,YY,18,211,AT,MI,YY,18,211,AT
213,P0000212,MITF18212AT,セーフティーバー,ok,,,MI,TF,18,212,AT,MI,TF,18,212,AT
214,P0000213,MIIg18213AT,トレッドミル,warning,maker_legacy_code_ambiguous,"Maker legacy code IG is shared by ['IGNIO', 'IRON_GRIP'].",MI,IG,18,213,AT,MI,IG,18,213,AT
215,P0000214,MIYY18214AT,シッシースクワット,ok,,,MI,YY,18,214,AT,MI,YY,18,214,AT
216,P0000215,SAMX18215AT,ベンチプレス,ok,,,SA,MX,18,215,AT,SA,MX,18,215,AT
217,P0000216,SAMX18216AT,アップライトバイク,ok,,,SA,MX,18,216,AT,SA,MX,18,216,AT
218,P0000217,SAMX18217AT,リカンベントバイク,ok,,,SA,MX,18,217,AT,SA,MX,18,217,AT
219,P0000218,MIUV18218AT,トータルヒップマシン,ok,,,MI,UV,18,218,AT,MI,UV,18,218,AT
220,P0000219,OONT18219AT,スーパープルオーバー,ok,,,OO,NT,18,219,AT,OO,NT,18,219,AT
221,P0000220,OONT18220AT,プローンレッグカール,ok,,,OO,NT,18,220,AT,OO,NT,18,220,AT
222,P0000221,OOPR18221AT,アベンチ,ok,,,OO,PR,18,221,AT,OO,PR,18,221,AT
223,P0000222,SASN18222AT,フラットベンチ,ok,,,SA,SN,18,222,AT,SA,SN,18,222,AT
224,P0000223,SAMX18223AT,プリチャーベンチ,ok,,,SA,MX,18,223,AT,SA,MX,18,223,AT
225,P0000224,SAMX18224AT,バックエクステンション,ok,,,SA,MX,18,224,AT,SA,MX,18,224,AT
226,P0000225,OOIV18225AT,ラバープレート 20kg×2枚,ok,,,OO,IV,18,225,AT,OO,IV,18,225,AT
227,P0000226,OOIV18226AT,ラバープレート 10kg×2枚,ok,,,OO,IV,18,226,AT,OO,IV,18,226,AT
228,P0000227,OONB18227AT,ストレッチポール,ok,,,OO,NB,18,227,AT,OO,NB,18,227,AT
229,P0000228,OONB18228AT,ストレッチマット,ok,,,OO,NB,18,228,AT,OO,NB,18,228,AT
230,P0000229,OOHT18229AT,アブドミナルベンチ,ok,,,OO,HT,18,229,AT,OO,HT,18,229,AT
231,P0000230,OOIV18230AT,エクササイズオリンピックバーOT-10,ok,,,OO,IV,18,230,AT,OO,IV,18,230,AT
232,P0000231,HYIV18231AT,CDS-1,ok,,,HY,IV,18,231,AT,HY,IV,18,231,AT
233,P0000232,OOIV18232AT,CDS-2,ok,,,OO,IV,18,232,AT,OO,IV,18,232,AT
234,P0000233,OOIV18233AT,CDS-4,ok,,,OO,IV,18,233,AT,OO,IV,18,233,AT
235,P0000234,OOIV18234AT,CDS-6,ok,,,OO,IV,18,234,AT,OO,IV,18,234,AT
236,P0000235,HYIV18235AT,CDS-7,ok,,,HY,IV,18,235,AT,HY,IV,18,235,AT
237,P0000236,OOIV18236AT,CDS-8,ok,,,OO,IV,18,236,AT,OO,IV,18,236,AT
238,P0000237,HYIV18237AT,CDS-9,ok,,,HY,IV,18,237,AT,HY,IV,18,237,AT
239,P0000238,OOIV18238AT,CDS-10,ok,,,OO,IV,18,238,AT,OO,IV,18,238,AT
240,P0000239,OOPM18239AT,ペックフライ&リアデルト,ok,,,OO,PM,18,239,AT,OO,PM,18,239,AT
241,P0000240,SAMX18240AT,ストレングスマシン13台セット,ok,,,SA,MX,18,240,AT,SA,MX,18,240,AT
242,P0000241,MDHZMD241AT,【家庭用ホライズン】トレッドミル PARAGON X 組立設置/送料無料,ok,,,MD,HZ,MD,241,AT,MD,HZ,MD,241,AT
243,P0000242,MDHZMD242AT,【家庭用ホライズン】トレッドミル OMEGA Z 送料無料,ok,,,MD,HZ,MD,242,AT,MD,HZ,MD,242,AT
244,P0000243,MDHZMD243AT,【家庭用ホライズン】トレッドミル ADVENTURE 1 送料無料,ok,,,MD,HZ,MD,243,AT,MD,HZ,MD,243,AT
245,P0000244,MDHZMD244AT,ANDES 7i,ok,,,MD,HZ,MD,244,AT,MD,HZ,MD,244,AT
246,P0000245,MDHZMD245AT,ANDES 3,ok,,,MD,HZ,MD,245,AT,MD,HZ,MD,245,AT
247,P0000246,MDHZMD246AT,COMFORT 7,ok,,,MD,HZ,MD,246,AT,MD,HZ,MD,246,AT
248,P0000247,MDHZMD247AT,COMFORT 3,ok,,,MD,HZ,MD,247,AT,MD,HZ,MD,247,AT
249,P0000248,MDHZMD248AT,【家庭用ホライズン】リカンベントバイク5.0R 送料無料,ok,,,MD,HZ,MD,248,AT,MD,HZ,MD,248,AT
250,P0000249,MDHZMD249AT,GR 7,ok,,,MD,HZ,MD,249,AT,MD,HZ,MD,249,AT
251,P0000250,SANT18250LG,レッグプレス ネクスト,ok,,,SA,NT,18,250,LG,SA,NT,18,250,LG
252,P0000251,HYCY16251AB,アブドミナルベンチ,ok,,,HY,CY,16,251,AB,HY,CY,16,251,AB
253,P0000252,HYIV18252AT,トライセップロープ TR-29,ok,,,HY,IV,18,252,AT,HY,IV,18,252,AT
254,P0000253,HYIV18253AT,パラレルラットバー PPLB-28,ok,,,HY,IV,18,253,AT,HY,IV,18,253,AT
255,P0000254,HYIV18254AT,サイクルハンドルバー MPB-11,ok,,,HY,IV,18,254,AT,HY,IV,18,254,AT
256,P0000255,HYIV18255AT,ストレートバー RSB-18,ok,,,HY,IV,18,255,AT,HY,IV,18,255,AT
257,P0000256,HYIV18256AT,リボルビングカールバー RCB-28,ok,,,HY,IV,18,256,AT,HY,IV,18,256,AT
258,P0000257,HYCY19257AT,VR1 ヒップアブダクション/アダクション,ok,,,HY,CY,19,257,AT,HY,CY,19,257,AT
259,P0000258,HYSI19258AT,バックエクステンション,ok,,,HY,SI,19,258,AT,HY,SI,19,258,AT
260,P0000259,HYBL18259AT,ラバープレート25kg,ok,,,HY,BL,18,259,AT,HY,BL,18,259,AT
261,P0000260,OONT19260AT,ラテラルレイズ,ok,,,OO,NT,19,260,AT,OO,NT,19,260,AT
262,P0000261,OONT19261AT,オーバーヘッドプレス,ok,,,OO,NT,19,261,AT,OO,NT,19,261,AT
263,P0000262,OOPR19262AT,スクワットラック,ok,,,OO,PR,19,262,AT,OO,PR,19,262,AT
264,P0000263,OOCY19263AT,ケーブルカラム,ok,,,OO,CY,19,263,AT,OO,CY,19,263,AT
265,P0000264,OONT19264AT,パワーラック,ok,,,OO,NT,19,264,AT,OO,NT,19,264,AT
266,P0000265,OONT19265AT,バーベルラック,ok,,,OO,NT,19,265,AT,OO,NT,19,265,AT
267,P0000266,OOCY19266AT,ウェイトツリー,ok,,,OO,CY,19,266,AT,OO,CY,19,266,AT
268,P0000267,OOIV19267AT,オリンピックシャフトOT-20,ok,,,OO,IV,19,267,AT,OO,IV,19,267,AT
269,P0000268,OOIV19268AT,オリンピックシャフトOT-20,ok,,,OO,IV,19,268,AT,OO,IV,19,268,AT
270,P0000269,OOIV19269AT,オリンピックショートバーOT-10,ok,,,OO,IV,19,269,AT,OO,IV,19,269,AT
271,P0000270,OOMX19270AT,ファンクショナルトレーナー,ok,,,OO,MX,19,270,AT,OO,MX,19,270,AT
272,P0000271,OOMX19271AT,ブレーカーオリンピックベンチプレス,ok,,,OO,MX,19,271,AT,OO,MX,19,271,AT
273,P0000272,OOMX19272AT,スミスマシン MG-PL62_bk,ok,,,OO,MX,19,272,AT,OO,MX,19,272,AT
274,P0000273,OOMX19273AT,コンバージングチェストプレス,ok,,,OO,MX,19,273,AT,OO,MX,19,273,AT
275,P0000274,HYMX19274AT,ハーフラック,ok,,,HY,MX,19,274,AT,HY,MX,19,274,AT
276,P0000275,OOZV19275AT,ラバープレート1.25kg(赤),ok,,,OO,ZV,19,275,AT,OO,ZV,19,275,AT
277,P0000276,OOZV19276AT,ラバープレート2.5kg(赤),ok,,,OO,ZV,19,276,AT,OO,ZV,19,276,AT
278,P0000277,OOZV19277AT,ラバープレート2.5kg(赤),ok,,,OO,ZV,19,277,AT,OO,ZV,19,277,AT
279,P0000278,OOZV19278AT,ラバープレート5.0kg(赤),ok,,,OO,ZV,19,278,AT,OO,ZV,19,278,AT
280,P0000279,OOZV19279AT,ラバープレート10kg(赤),ok,,,OO,ZV,19,279,AT,OO,ZV,19,279,AT
281,P0000280,OOZV19280AT,ラバープレート15kg(赤),ok,,,OO,ZV,19,280,AT,OO,ZV,19,280,AT
282,P0000281,OOZV19281AT,ラバープレート20kg(赤),ok,,,OO,ZV,19,281,AT,OO,ZV,19,281,AT
283,P0000282,OOZV19282AT,ラバープレート25kg(赤),ok,,,OO,ZV,19,282,AT,OO,ZV,19,282,AT
284,P0000283,SAMX19283AT,トレッドミル,ok,,,SA,MX,19,283,AT,SA,MX,19,283,AT
285,P0000284,OOLF19284AT,ラットプル&ローロウ,warning,maker_legacy_code_ambiguous,"Maker legacy code LF is shared by ['LAFITNESS', 'LIFE_FITNESS'].",OO,LF,19,284,AT,OO,LF,19,284,AT
286,P0000285,OOTG19285AT,ロープーリー,ok,,,OO,TG,19,285,AT,OO,TG,19,285,AT
287,P0000286,OOTG19286AT,デルツマシン,ok,,,OO,TG,19,286,AT,OO,TG,19,286,AT
288,P0000287,HYHS19287AT,ハイパーエクステンション,warning,maker_legacy_code_ambiguous,"Maker legacy code HS is shared by ['HAMMER_STRENGTH', 'HS'].",HY,HS,19,287,AT,HY,HS,19,287,AT
289,P0000288,OOFL19288AT,アジャストベンチ,ok,,,OO,FL,19,288,AT,OO,FL,19,288,AT
290,P0000289,OOCY19289AT,プリーチャーカールベンチ,ok,,,OO,CY,19,289,AT,OO,CY,19,289,AT
291,P0000290,SATG19290AT,アッパーバック,ok,,,SA,TG,19,290,AT,SA,TG,19,290,AT
292,P0000291,SASN19291AT,レッグエクステンション,ok,,,SA,SN,19,291,AT,SA,SN,19,291,AT
293,P0000292,SANT19292AT,トライセップス エクステンション,ok,,,SA,NT,19,292,AT,SA,NT,19,292,AT
294,P0000293,SAPR19293AT,ローワーバック,ok,,,SA,PR,19,293,AT,SA,PR,19,293,AT
295,P0000294,SANT19294AT,ヒップアダクション・アブダクション,ok,,,SA,NT,19,294,AT,SA,NT,19,294,AT
296,P0000295,SANT19295AT,トーソーアーム,ok,,,SA,NT,19,295,AT,SA,NT,19,295,AT
297,P0000296,OOMX19296AT,ラットプルダウン,ok,,,OO,MX,19,296,AT,OO,MX,19,296,AT
298,P0000297,OOMX19297AT,シーテッドロー,ok,,,OO,MX,19,297,AT,OO,MX,19,297,AT
299,P0000298,SAMX19298AT,チェストプレス,ok,,,SA,MX,19,298,AT,SA,MX,19,298,AT
300,P0000299,OOLF19299AT,レッグプレス,warning,maker_legacy_code_ambiguous,"Maker legacy code LF is shared by ['LAFITNESS', 'LIFE_FITNESS'].",OO,LF,19,299,AT,OO,LF,19,299,AT
301,P0000300,SATR19300AT,カーブベンチ,ok,,,SA,TR,19,300,AT,SA,TR,19,300,AT
302,P0000301,SANT19301AT,ロータリートルソー,ok,,,SA,NT,19,301,AT,SA,NT,19,301,AT
303,P0000302,OOTG19302AT,レッグプレス,ok,,,OO,TG,19,302,AT,OO,TG,19,302,AT
304,P0000303,OONT19303AT,コンパウンドロウ,ok,,,OO,NT,19,303,AT,OO,NT,19,303,AT
305,P0000304,OOTC19304AT,アジャストベンチ,ok,,,OO,TC,19,304,AT,OO,TC,19,304,AT
306,P0000305,OOCY19305AT,ウェイトツリー,ok,,,OO,CY,19,305,AT,OO,CY,19,305,AT
307,P0000306,OOCY19306AT,バーベルラック,ok,,,OO,CY,19,306,AT,OO,CY,19,306,AT
308,P0000307,OOCY19307AT,パワーラック,ok,,,OO,CY,19,307,AT,OO,CY,19,307,AT
309,P0000308,OOSN19308AT,ヒップアダクション・アブダクション,ok,,,OO,SN,19,308,AT,OO,SN,19,308,AT
310,P0000309,OOHS19309AT,アブダクション・アダクション2台1セット,warning,maker_legacy_code_ambiguous,"Maker legacy code HS is shared by ['HAMMER_STRENGTH', 'HS'].",OO,HS,19,309,AT,OO,HS,19,309,AT
311,P0000310,OOHS19310AT,レッグエクステンション,warning,maker_legacy_code_ambiguous,"Maker legacy code HS is shared by ['HAMMER_STRENGTH', 'HS'].",OO,HS,19,310,AT,OO,HS,19,310,AT
312,P0000311,OOLF19311AT,シーテッドロウ,warning,maker_legacy_code_ambiguous,"Maker legacy code LF is shared by ['LAFITNESS', 'LIFE_FITNESS'].",OO,LF,19,311,AT,OO,LF,19,311,AT
313,P0000312,OONT19312AT,コンパウンドロウ,ok,,,OO,NT,19,312,AT,OO,NT,19,312,AT
314,P0000313,OOIV19313AT,145ペイントセットダンベル,ok,,,OO,IV,19,313,AT,OO,IV,19,313,AT
315,P0000314,OOZV19314AT,ダンベルセット12~30kg+ラック付,ok,,,OO,ZV,19,314,AT,OO,ZV,19,314,AT
316,P0000315,OOMX19315AT,アジャスタブルベンチ,ok,,,OO,MX,19,315,AT,OO,MX,19,315,AT
317,P0000316,OOSN19316AT,フラットベンチ,ok,,,OO,SN,19,316,AT,OO,SN,19,316,AT
318,P0000317,HYPR19317AT,グルートマシン,ok,,,HY,PR,19,317,AT,HY,PR,19,317,AT
319,P0000318,OOPR19318AT,トレッドミル(業務用),ok,,,OO,PR,19,318,AT,OO,PR,19,318,AT
320,P0000319,HYNT16319AT,オリジナル15台セット,ok,,,HY,NT,16,319,AT,HY,NT,16,319,AT
321,P0000320,ATOTAT320AT,シート交換・チェーン交換一式18台,warning,legacy_purchase_year_code | maker_legacy_code_ambiguous,"Legacy purchase year code AT is accepted for existing data. | Maker legacy code OT is shared by ['OLYMPIC', 'OTHER'].",AT,OT,AT,320,AT,,,,320,AT
322,P0000321,OOBL19321AT,オリンピックシャフト,ok,,,OO,BL,19,321,AT,OO,BL,19,321,AT
323,P0000322,OOCY19322AT,アブダクション,ok,,,OO,CY,19,322,AT,OO,CY,19,322,AT
324,P0000323,OOCY19323AT,トライセプスマシン,ok,,,OO,CY,19,323,AT,OO,CY,19,323,AT
325,P0000324,OOBM19324AT,プローンレッグカール,warning,maker_legacy_code_ambiguous,"Maker legacy code BM is shared by ['BODY_MAKER', 'BODY_MASTERS'].",OO,BM,19,324,AT,OO,BM,19,324,AT
326,P0000325,OOIC19325AT,ペックフライ&リアデルト,ok,,,OO,IC,19,325,AT,OO,IC,19,325,AT
327,P0000326,OOCP19326AT,レッグエクステンション&カール,ok,,,OO,CP,19,326,AT,OO,CP,19,326,AT
328,P0000327,OOSN19327AT,ツーハンドステーション,ok,,,OO,SN,19,327,AT,OO,SN,19,327,AT
329,P0000328,OONT19328AT,マルチバイセプス,ok,,,OO,NT,19,328,AT,OO,NT,19,328,AT
330,P0000329,SANB19329AT,販売什器,ok,,,SA,NB,19,329,AT,SA,NB,19,329,AT
331,P0000330,SAUV19330AT,ロング・プーリー,ok,,,SA,UV,19,330,AT,SA,UV,19,330,AT
332,P0000331,SANT19331AT,アブドミナル,ok,,,SA,NT,19,331,AT,SA,NT,19,331,AT
333,P0000332,SANT19332AT,シーテッド・レッグカール,ok,,,SA,NT,19,332,AT,SA,NT,19,332,AT
334,P0000333,SANT19333AT,アームクロス,ok,,,SA,NT,19,333,AT,SA,NT,19,333,AT
335,P0000334,SANT19334AT,バックエクステンション,ok,,,SA,NT,19,334,AT,SA,NT,19,334,AT
336,P0000335,OOMG19335AT,アシストチン&ディップス,ok,,,OO,MG,19,335,AT,OO,MG,19,335,AT
337,P0000336,OOFL19336AT,アブドミナル,ok,,,OO,FL,19,336,AT,OO,FL,19,336,AT
338,P0000337,HYCY19337AT,VRクラッシックショルダープレス,ok,,,HY,CY,19,337,AT,HY,CY,19,337,AT
339,P0000338,OOCY19338AT,VRクラッシックチェストプレス,ok,,,OO,CY,19,338,AT,OO,CY,19,338,AT
340,P0000339,HYCY19339AT,VRクラッシックレッグエクステンション,ok,,,HY,CY,19,339,AT,HY,CY,19,339,AT
341,P0000340,OOLF19340AT,PRO2 アームカール,warning,maker_legacy_code_ambiguous,"Maker legacy code LF is shared by ['LAFITNESS', 'LIFE_FITNESS'].",OO,LF,19,340,AT,OO,LF,19,340,AT
342,P0000341,OOLF19341AT,PRO2 アームエクステンション,warning,maker_legacy_code_ambiguous,"Maker legacy code LF is shared by ['LAFITNESS', 'LIFE_FITNESS'].",OO,LF,19,341,AT,OO,LF,19,341,AT
343,P0000342,OOLF19342AT,PRO インナーサイ,warning,maker_legacy_code_ambiguous,"Maker legacy code LF is shared by ['LAFITNESS', 'LIFE_FITNESS'].",OO,LF,19,342,AT,OO,LF,19,342,AT
344,P0000343,OOLF19343AT,ハイパーエクステンション,warning,maker_legacy_code_ambiguous,"Maker legacy code LF is shared by ['LAFITNESS', 'LIFE_FITNESS'].",OO,LF,19,343,AT,OO,LF,19,343,AT
345,P0000344,OOUS19344AT,"メッキダンベル3ペア27.5kg,30kg,35kg",warning,legacy_maker_code_alias,Legacy maker code US is accepted for expected UE.,OO,US,19,344,AT,OO,UE,19,344,AT
346,P0000345,HYIV19345AT,CDS2kg,ok,,,HY,IV,19,345,AT,HY,IV,19,345,AT
347,P0000346,OOMX19346AT,クランクサイクル,ok,,,OO,MX,19,346,AT,OO,MX,19,346,AT
348,P0000347,SACY19347AT,ベントレッグアブドミナルボード(1),ok,,,SA,CY,19,347,AT,SA,CY,19,347,AT
349,P0000348,SACY19348AT,ベントレッグアブドミナルボード(2),ok,,,SA,CY,19,348,AT,SA,CY,19,348,AT
350,P0000349,SACY19349AT,バックエクステンション,ok,,,SA,CY,19,349,AT,SA,CY,19,349,AT
351,P0000350,SAMX19350AT,アジャスタブル ディクラインベンチ,ok,,,SA,MX,19,350,AT,SA,MX,19,350,AT
352,P0000351,SAMX19351AT,S8000 ステップマシン,ok,,,SA,MX,19,351,AT,SA,MX,19,351,AT
353,P0000352,MIpt19352AT,プレートツリー50mm対応,ok,,,MI,PT,19,352,AT,MI,PT,19,352,AT
354,P0000353,MDHZMD353AT,CITTA BT5.0,ok,,,MD,HZ,MD,353,AT,MD,HZ,MD,353,AT
355,P0000354,MDHZMD354AT,CITTA TT5.0,ok,,,MD,HZ,MD,354,AT,MD,HZ,MD,354,AT
356,P0000355,SAMX19355AT,ラットプルダウン,ok,,,SA,MX,19,355,AT,SA,MX,19,355,AT
357,P0000356,OOLF19356AT,ラットプルダウン,warning,maker_legacy_code_ambiguous,"Maker legacy code LF is shared by ['LAFITNESS', 'LIFE_FITNESS'].",OO,LF,19,356,AT,OO,LF,19,356,AT
358,P0000357,SANBAT357AT,パワーラック,warning,legacy_purchase_year_code,Legacy purchase year code AT is accepted for existing data.,SA,NB,AT,357,AT,SA,NB,,357,AT
359,P0000358,SANBAT358AT,スクワットラック,warning,legacy_purchase_year_code,Legacy purchase year code AT is accepted for existing data.,SA,NB,AT,358,AT,SA,NB,,358,AT
360,P0000359,SATCAT359AT,ベンチプレス,warning,legacy_purchase_year_code,Legacy purchase year code AT is accepted for existing data.,SA,TC,AT,359,AT,SA,TC,,359,AT
361,P0000360,SANBAT360AT,バックエクステンション,warning,legacy_purchase_year_code,Legacy purchase year code AT is accepted for existing data.,SA,NB,AT,360,AT,SA,NB,,360,AT
362,P0000361,SASNAT361AT,シーテッド・ロー,warning,legacy_purchase_year_code,Legacy purchase year code AT is accepted for existing data.,SA,SN,AT,361,AT,SA,SN,,361,AT
363,P0000362,OOCYAT362AT,VRクラッシック ディップス,warning,legacy_purchase_year_code,Legacy purchase year code AT is accepted for existing data.,OO,CY,AT,362,AT,OO,CY,,362,AT
364,P0000363,OOPMAT363AT,チェストプレス,warning,legacy_purchase_year_code,Legacy purchase year code AT is accepted for existing data.,OO,PM,AT,363,AT,OO,PM,,363,AT
365,P0000364,OOLFAT364AT,PRO シーテッドロウ,warning,legacy_purchase_year_code | maker_legacy_code_ambiguous,"Legacy purchase year code AT is accepted for existing data. | Maker legacy code LF is shared by ['LAFITNESS', 'LIFE_FITNESS'].",OO,LF,AT,364,AT,OO,LF,,364,AT
366,P0000365,OOMXAT365AT,G2 ラットプルダウン,warning,legacy_purchase_year_code,Legacy purchase year code AT is accepted for existing data.,OO,MX,AT,365,AT,OO,MX,,365,AT
367,P0000366,OOMXAT366AT,G2 ケーブルクロス,warning,legacy_purchase_year_code,Legacy purchase year code AT is accepted for existing data.,OO,MX,AT,366,AT,OO,MX,,366,AT
368,P0000367,SAELAT367AT,バーティカルディスクラック,warning,legacy_purchase_year_code,Legacy purchase year code AT is accepted for existing data.,SA,EL,AT,367,AT,SA,EL,,367,AT
369,P0000368,SAELAT368AT,バーティカルディスクラック 最上部無し,warning,legacy_purchase_year_code,Legacy purchase year code AT is accepted for existing data.,SA,EL,AT,368,AT,SA,EL,,368,AT
370,P0000369,SANBAT369AT,木製木箱4段セット,warning,legacy_purchase_year_code,Legacy purchase year code AT is accepted for existing data.,SA,NB,AT,369,AT,SA,NB,,369,AT
371,P0000370,OOKS19370AT,8フィートハーフラックwith out /AIR,ok,,,OO,KS,19,370,AT,OO,KS,19,370,AT
372,P0000371,HYTS19371AT,オリンピックベンチ,ok,,,HY,TS,19,371,AT,HY,TS,19,371,AT
373,P0000372,SAPR19372AT,エリプティカル EFX546,ok,,,SA,PR,19,372,AT,SA,PR,19,372,AT
374,P0000373,SAKS19373AT,ベンチプレス,ok,,,SA,KS,19,373,AT,SA,KS,19,373,AT
375,P0000374,OOIV19374AT,ROEZHオリンピックラバーイージーグリッププレート10kg,ok,,,OO,IV,19,374,AT,OO,IV,19,374,AT
376,P0000375,OOIV19375AT,ROEZHオリンピックラバーイージーグリッププレート20kg,ok,,,OO,IV,19,375,AT,OO,IV,19,375,AT
377,P0000376,MINT19376AT,トライセップスエクステンション,ok,,,MI,NT,19,376,AT,MI,NT,19,376,AT
378,P0000377,MIBm19377AT,プリーチャーカールベンチ,warning,maker_legacy_code_ambiguous,"Maker legacy code BM is shared by ['BODY_MAKER', 'BODY_MASTERS'].",MI,BM,19,377,AT,MI,BM,19,377,AT
379,P0000378,SABS19378AT,レッグレイズ&ディップス,ok,,,SA,BS,19,378,AT,SA,BS,19,378,AT
380,P0000379,SACY19379AT,アジャスタブルベンチ,ok,,,SA,CY,19,379,AT,SA,CY,19,379,AT
381,P0000380,SAMX19380AT,アジャスタブルベンチ,ok,,,SA,MX,19,380,AT,SA,MX,19,380,AT
382,P0000381,SAKS19381AT,バックエクステンション,ok,,,SA,KS,19,381,AT,SA,KS,19,381,AT
383,P0000382,SACY19382AT,シート可動式 バックエクステンション,ok,,,SA,CY,19,382,AT,SA,CY,19,382,AT
384,P0000383,SABS19383AT,バックエクステンション,ok,,,SA,BS,19,383,AT,SA,BS,19,383,AT
385,P0000384,SAKS19384AT,シットアップベンチ肋木,ok,,,SA,KS,19,384,AT,SA,KS,19,384,AT
386,P0000385,SANB19385AT,ラバーマットはめ込み式24枚セット,ok,,,SA,NB,19,385,AT,SA,NB,19,385,AT
387,P0000386,SATG19386AT,アブドミナルボード,ok,,,SA,TG,19,386,AT,SA,TG,19,386,AT
388,P0000387,OOMX19387AT,パワーラック,ok,,,OO,MX,19,387,AT,OO,MX,19,387,AT
389,P0000388,OOZV19388AT,ラバーグリップディスク1.25kg,ok,,,OO,ZV,19,388,AT,OO,ZV,19,388,AT
390,P0000389,OOZV19389AT,ラバーグリップディスク2.5kg,ok,,,OO,ZV,19,389,AT,OO,ZV,19,389,AT
391,P0000390,OOZV19390AT,ラバーグリップディスク5.0kg,ok,,,OO,ZV,19,390,AT,OO,ZV,19,390,AT
392,P0000391,OOZV19391AT,ラバーグリップディスク10.0kg,ok,,,OO,ZV,19,391,AT,OO,ZV,19,391,AT
393,P0000392,OOZV19392AT,ラバーグリップディスク15.0kg,ok,,,OO,ZV,19,392,AT,OO,ZV,19,392,AT
394,P0000393,OOZV19393AT,ラバーグリップディスク20.0kg,ok,,,OO,ZV,19,393,AT,OO,ZV,19,393,AT
395,P0000394,OOZV19394AT,ラバーグリップディスク25.0kg,ok,,,OO,ZV,19,394,AT,OO,ZV,19,394,AT
396,P0000395,OOZV19395AT,ソリッドラバーダンベル2kg,ok,,,OO,ZV,19,395,AT,OO,ZV,19,395,AT
397,P0000396,OOZV19396AT,ソリッドラバーダンベル4kg,ok,,,OO,ZV,19,396,AT,OO,ZV,19,396,AT
398,P0000397,OOZV19397AT,ソリッドラバーダンベル6kg,ok,,,OO,ZV,19,397,AT,OO,ZV,19,397,AT
399,P0000398,OOZV19398AT,ソリッドラバーダンベル8kg,ok,,,OO,ZV,19,398,AT,OO,ZV,19,398,AT
400,P0000399,OOZV19399AT,ソリッドラバーダンベル10kg,ok,,,OO,ZV,19,399,AT,OO,ZV,19,399,AT
401,P0000400,OOZV19400AT,ソリッドラバーダンベル12kg,ok,,,OO,ZV,19,400,AT,OO,ZV,19,400,AT
402,P0000401,OOZV19401AT,ソリッドラバーダンベル14kg,ok,,,OO,ZV,19,401,AT,OO,ZV,19,401,AT
403,P0000402,OOZV19402AT,ソリッドラバーダンベル16kg,ok,,,OO,ZV,19,402,AT,OO,ZV,19,402,AT
404,P0000403,OOZV19403AT,ソリッドラバーダンベル18kg,ok,,,OO,ZV,19,403,AT,OO,ZV,19,403,AT
405,P0000404,OOZV19404AT,ソリッドラバーダンベル20kg,ok,,,OO,ZV,19,404,AT,OO,ZV,19,404,AT
406,P0000405,OOZV19405AT,ソリッドラバーダンベル22kg,ok,,,OO,ZV,19,405,AT,OO,ZV,19,405,AT
407,P0000406,OOZV19406AT,ソリッドラバーダンベル24kg,ok,,,OO,ZV,19,406,AT,OO,ZV,19,406,AT
408,P0000407,OOZV19407AT,ソリッドラバーダンベル26kg,ok,,,OO,ZV,19,407,AT,OO,ZV,19,407,AT
409,P0000408,OOZV19408AT,ソリッドラバーダンベル28kg,ok,,,OO,ZV,19,408,AT,OO,ZV,19,408,AT
410,P0000409,OOZV19409AT,ソリッドラバーダンベル30kg,ok,,,OO,ZV,19,409,AT,OO,ZV,19,409,AT
411,P0000410,OOZV19410AT,ソリッドラバーダンベル32kg,ok,,,OO,ZV,19,410,AT,OO,ZV,19,410,AT
412,P0000411,OOZV19411AT,ソリッドラバーダンベル34kg,ok,,,OO,ZV,19,411,AT,OO,ZV,19,411,AT
413,P0000412,OOZV19412AT,ソリッドラバーダンベル36kg,ok,,,OO,ZV,19,412,AT,OO,ZV,19,412,AT
414,P0000413,OOZV19413AT,ソリッドラバーダンベル38kg,ok,,,OO,ZV,19,413,AT,OO,ZV,19,413,AT
415,P0000414,OOZV19414AT,ソリッドラバーダンベル40kg,ok,,,OO,ZV,19,414,AT,OO,ZV,19,414,AT
416,P0000415,OOZV19415AT,ソリッドラバーダンベル42kg,ok,,,OO,ZV,19,415,AT,OO,ZV,19,415,AT
417,P0000416,OOZV19416AT,ソリッドラバーダンベル44kg,ok,,,OO,ZV,19,416,AT,OO,ZV,19,416,AT
418,P0000417,OOZV19417AT,ソリッドラバーダンベル46kg,ok,,,OO,ZV,19,417,AT,OO,ZV,19,417,AT
419,P0000418,OOZV19418AT,ソリッドラバーダンベル48kg,ok,,,OO,ZV,19,418,AT,OO,ZV,19,418,AT
420,P0000419,OOZV19419AT,ソリッドラバーダンベル50kg,ok,,,OO,ZV,19,419,AT,OO,ZV,19,419,AT
421,P0000420,OOZV19420AT,1-10kgソリッドスチールウレタンダンベル+スタジオダンベルラック1-10kgペア,ok,,,OO,ZV,19,420,AT,OO,ZV,19,420,AT
422,P0000421,OOZV19421AT,スタジオダンベルラック1-10kgペア+スタジオダンベルラック1-10kgペア,ok,,,OO,ZV,19,421,AT,OO,ZV,19,421,AT
423,P0000422,OOHZ19422AT,PARAGON 8E,ok,,,OO,HZ,19,422,AT,OO,HZ,19,422,AT
424,P0000423,OOHZ19423AT,ADVENURE 3 リファービッシュ,ok,,,OO,HZ,19,423,AT,OO,HZ,19,423,AT
425,P0000424,OOHZ19424AT,ADVENURE 1 リファービッシュ,ok,,,OO,HZ,19,424,AT,OO,HZ,19,424,AT
426,P0000425,OOHZ19425AT,CITTA TT5.0,ok,,,OO,HZ,19,425,AT,OO,HZ,19,425,AT
427,P0000426,OOHZ19426AT,TEMPO T82 リファービッシュ,ok,,,OO,HZ,19,426,AT,OO,HZ,19,426,AT
428,P0000427,OOHZ19427AT,ANDES 7i リファービッシュ,ok,,,OO,HZ,19,427,AT,OO,HZ,19,427,AT
429,P0000428,OOHZ19428AT,ANDES 3 リファービッシュ,ok,,,OO,HZ,19,428,AT,OO,HZ,19,428,AT
430,P0000429,OOHZ19429AT,COMFORT 7,ok,,,OO,HZ,19,429,AT,OO,HZ,19,429,AT
431,P0000430,OOHZ19430AT,COMFORT 3 リファービッシュ,ok,,,OO,HZ,19,430,AT,OO,HZ,19,430,AT
432,P0000431,OOHZ19431AT,CITTA BT5.0,ok,,,OO,HZ,19,431,AT,OO,HZ,19,431,AT
433,P0000432,OOHZ19432AT,COMFORT R リファービッシュ,ok,,,OO,HZ,19,432,AT,OO,HZ,19,432,AT
434,P0000433,OOHZ19433AT,GR 7 リファービッシュ,ok,,,OO,HZ,19,433,AT,OO,HZ,19,433,AT
435,P0000434,OOHZ19434AT,OXFORD 6 リファービッシュ,ok,,,OO,HZ,19,434,AT,OO,HZ,19,434,AT
436,P0000435,OOHZ19435AT,Torus4,ok,,,OO,HZ,19,435,AT,OO,HZ,19,435,AT
437,P0000436,HYAL20436AT,スミスマシン,ok,,,HY,AL,20,436,AT,HY,AL,20,436,AT
438,P0000437,SAAL19437AT,シングルコラム,ok,,,SA,AL,19,437,AT,SA,AL,19,437,AT
439,P0000438,SACY19438AT,ショルダープレス,ok,,,SA,CY,19,438,AT,SA,CY,19,438,AT
440,P0000439,SAUV19439AT,チェストプレス,ok,,,SA,UV,19,439,AT,SA,UV,19,439,AT
441,P0000440,SAKS19440AT,2連シットアップボード・肋木,ok,,,SA,KS,19,440,AT,SA,KS,19,440,AT
442,P0000441,SANP19441AT,アジャスタブルベンチ,ok,,,SA,NP,19,441,AT,SA,NP,19,441,AT
443,P0000442,SABm19442AT,48kgダンベルセット,warning,maker_legacy_code_ambiguous,"Maker legacy code BM is shared by ['BODY_MAKER', 'BODY_MASTERS'].",SA,BM,19,442,AT,SA,BM,19,442,AT
444,P0000443,SAMC19443AT,ハックスクワット&カーフ,warning,maker_legacy_code_ambiguous,"Maker legacy code MC is shared by ['MAXICAM', 'MUSCLE_CLAMP'].",SA,MC,19,443,AT,SA,MC,19,443,AT
445,P0000444,SAKS19444AT,フラットベンチ,ok,,,SA,KS,19,444,AT,SA,KS,19,444,AT
446,P0000445,SAIT19445AT,オリンピックラバープレート135kgセット,ok,,,SA,IT,19,445,AT,SA,IT,19,445,AT
447,P0000446,SALF19446AT,バイセップスカール&トライセップスエクステンション2台セット,warning,maker_legacy_code_ambiguous,"Maker legacy code LF is shared by ['LAFITNESS', 'LIFE_FITNESS'].",SA,LF,19,446,AT,SA,LF,19,446,AT
448,P0000447,SALF19447AT,アシストチンニング&ディップス,warning,maker_legacy_code_ambiguous,"Maker legacy code LF is shared by ['LAFITNESS', 'LIFE_FITNESS'].",SA,LF,19,447,AT,SA,LF,19,447,AT
449,P0000448,HYLF19448AT,10台セット,warning,maker_legacy_code_ambiguous,"Maker legacy code LF is shared by ['LAFITNESS', 'LIFE_FITNESS'].",HY,LF,19,448,AT,HY,LF,19,448,AT
450,P0000449,HYHS19449AT,アームカール&アームエクステンション2台セット,warning,maker_legacy_code_ambiguous,"Maker legacy code HS is shared by ['HAMMER_STRENGTH', 'HS'].",HY,HS,19,449,AT,HY,HS,19,449,AT
451,P0000450,HYCY19450AT,1段ダンベルラック,ok,,,HY,CY,19,450,AT,HY,CY,19,450,AT
452,P0000451,HYCY19451AT,アームエクステンション,ok,,,HY,CY,19,451,AT,HY,CY,19,451,AT
453,P0000452,HYCY19452AT,レッグエクステンション,ok,,,HY,CY,19,452,AT,HY,CY,19,452,AT
454,P0000453,SAIT20453AT,20kgプレート2枚セット(開封済み新古品),ok,,,SA,IT,20,453,AT,SA,IT,20,453,AT
455,P0000454,HYBm20454AT,ラバーダンベルセット25kg1ペア,warning,maker_legacy_code_ambiguous,"Maker legacy code BM is shared by ['BODY_MAKER', 'BODY_MASTERS'].",HY,BM,20,454,AT,HY,BM,20,454,AT
456,P0000455,HYMG20455AT,バックエクステンション,ok,,,HY,MG,20,455,AT,HY,MG,20,455,AT
457,P0000456,HYMG20456AT,スタンディングカーフレイズ,ok,,,HY,MG,20,456,AT,HY,MG,20,456,AT
458,P0000457,HYMG20457AT,フライ&リアデルト,ok,,,HY,MG,20,457,AT,HY,MG,20,457,AT
459,P0000458,HYNT20458AT,レッグエクステンション,ok,,,HY,NT,20,458,AT,HY,NT,20,458,AT
460,P0000459,HYNT20459AT,レッグカール,ok,,,HY,NT,20,459,AT,HY,NT,20,459,AT
461,P0000460,HYNT20460AT,コンパウンドロウ,ok,,,HY,NT,20,460,AT,HY,NT,20,460,AT
462,P0000461,HYNB20461AT,パワーラック,ok,,,HY,NB,20,461,AT,HY,NB,20,461,AT
463,P0000462,HYSD20462AT,オリジナルTシャツ,ok,,,HY,SD,20,462,AT,HY,SD,20,462,AT
464,P0000463,HYMX20463AT,プリーチャーカールベンチ,ok,,,HY,MX,20,463,AT,HY,MX,20,463,AT
465,P0000464,HYPR20464AT,アタッチメントラック,ok,,,HY,PR,20,464,AT,HY,PR,20,464,AT
466,P0000465,MITC20465AT,レッグエクステンション,ok,,,MI,TC,20,465,AT,MI,TC,20,465,AT
467,P0000466,HYAL20466AT,スミスマシン,ok,,,HY,AL,20,466,AT,HY,AL,20,466,AT
468,P0000467,MINB20467AT,O2カプセルT-3,ok,,,MI,NB,20,467,AT,MI,NB,20,467,AT
469,P0000468,SANB20468AT,Reebok フィットネスバイク,ok,,,SA,NB,20,468,AT,SA,NB,20,468,AT
470,P0000469,SANB20469AT,サンシャインジュース 冷蔵庫,ok,,,SA,NB,20,469,AT,SA,NB,20,469,AT
471,P0000470,SANB20470AT,LPN ストレッチポール,ok,,,SA,NB,20,470,AT,SA,NB,20,470,AT
472,P0000471,SASN20471AT,ベンチプレス,ok,,,SA,SN,20,471,AT,SA,SN,20,471,AT
473,P0000472,SATS20472AT,プレートツリー,ok,,,SA,TS,20,472,AT,SA,TS,20,472,AT
474,P0000473,SAUS20473AT,ハックスクワット,warning,legacy_maker_code_alias,Legacy maker code US is accepted for expected UE.,SA,US,20,473,AT,SA,UE,20,473,AT
475,P0000474,SANB20474AT,空気清浄機・加湿器セット,ok,,,SA,NB,20,474,AT,SA,NB,20,474,AT
476,P0000475,SANB20475AT,丸型ダストボックス5個セット,ok,,,SA,NB,20,475,AT,SA,NB,20,475,AT
477,P0000476,SANB20476AT,ダストボックス 黒 5個セット,ok,,,SA,NB,20,476,AT,SA,NB,20,476,AT
478,P0000477,SANB20477AT,アイリスオーヤマ ヒーター2台セット,ok,,,SA,NB,20,477,AT,SA,NB,20,477,AT
479,P0000478,SANB20478AT,SPRI 筋膜ストレッチローラー21本セット,ok,,,SA,NB,20,478,AT,SA,NB,20,478,AT
480,P0000479,SANB20479AT,ポータブルベンチ,ok,,,SA,NB,20,479,AT,SA,NB,20,479,AT
481,P0000480,SANB20480AT,NIKE レンタルシューズセット,ok,,,SA,NB,20,480,AT,SA,NB,20,480,AT
482,P0000481,SANB20481AT,ショートバーベル,ok,,,SA,NB,20,481,AT,SA,NB,20,481,AT
483,P0000482,SATS20482AT,マルチパーパスベンチ,ok,,,SA,TS,20,482,AT,SA,TS,20,482,AT
484,P0000483,SAPB20483AT,パワーブロックSP50,warning,maker_legacy_code_ambiguous,"Maker legacy code PB is shared by ['PB', 'POWER_BLOCK'].",SA,PB,20,483,AT,SA,PB,20,483,AT
485,P0000484,SApt20484AT,パワーラック,ok,,,SA,PT,20,484,AT,SA,PT,20,484,AT
486,P0000485,HYUS20485AT,メッキダンベル27.5kg,warning,legacy_maker_code_alias,Legacy maker code US is accepted for expected UE.,HY,US,20,485,AT,HY,UE,20,485,AT
487,P0000486,HYUS20486AT,メッキダンベル30kg,warning,legacy_maker_code_alias,Legacy maker code US is accepted for expected UE.,HY,US,20,486,AT,HY,UE,20,486,AT
488,P0000487,HYUS20487AT,メッキダンベル35kg,warning,legacy_maker_code_alias,Legacy maker code US is accepted for expected UE.,HY,US,20,487,AT,HY,UE,20,487,AT
489,P0000488,HYEL15488AT,25kgディスクダンベル・ペア・未使用品,ok,,,HY,EL,15,488,AT,HY,EL,15,488,AT
490,P0000489,HYCY19489AT,ロータリートルソー,ok,,,HY,CY,19,489,AT,HY,CY,19,489,AT
491,P0000490,HYNT20490AT,バーティカルチェスト,ok,,,HY,NT,20,490,AT,HY,NT,20,490,AT
492,P0000491,HYHZ18491AT,COMFORT R,ok,,,HY,HZ,18,491,AT,HY,HZ,18,491,AT
493,P0000492,HYNS20492AT,アイアンアレイ 8kg 1ペア,ok,,,HY,NS,20,492,AT,HY,NS,20,492,AT
494,P0000493,HYNB20493AT,オリンピックアームカールバー,ok,,,HY,NB,20,493,AT,HY,NB,20,493,AT
495,P0000494,SAIV20494AT,ケトルベル 4kg,ok,,,SA,IV,20,494,AT,SA,IV,20,494,AT
496,P0000495,SAIV20495AT,ケトルベル 8kg,ok,,,SA,IV,20,495,AT,SA,IV,20,495,AT
497,P0000496,SAIV20496AT,ケトルベル 12kg,ok,,,SA,IV,20,496,AT,SA,IV,20,496,AT
498,P0000497,SAIV20497AT,ケトルベル 16kg,ok,,,SA,IV,20,497,AT,SA,IV,20,497,AT
499,P0000498,SASN20498AT,トレッドミル(業務用),ok,,,SA,SN,20,498,AT,SA,SN,20,498,AT
500,P0000499,SASN20499AT,ラットプルダウン,ok,,,SA,SN,20,499,AT,SA,SN,20,499,AT
501,P0000500,HYTG20500AT,レッグプレス,ok,,,HY,TG,20,500,AT,HY,TG,20,500,AT
502,P0000501,HYTG20501AT,ペクトラル,ok,,,HY,TG,20,501,AT,HY,TG,20,501,AT
503,P0000502,HYTG20502AT,チェストプレス,ok,,,HY,TG,20,502,AT,HY,TG,20,502,AT
504,P0000503,HYTG20503AT,ロータリートルソー,ok,,,HY,TG,20,503,AT,HY,TG,20,503,AT
505,P0000504,HYMC20504AT,バックエクステンション,warning,maker_legacy_code_ambiguous,"Maker legacy code MC is shared by ['MAXICAM', 'MUSCLE_CLAMP'].",HY,MC,20,504,AT,HY,MC,20,504,AT
506,P0000505,HYMC20505AT,クランチベンチ,warning,maker_legacy_code_ambiguous,"Maker legacy code MC is shared by ['MAXICAM', 'MUSCLE_CLAMP'].",HY,MC,20,505,AT,HY,MC,20,505,AT
507,P0000506,HYNB20506AT,アブベンチ,ok,,,HY,NB,20,506,AT,HY,NB,20,506,AT
508,P0000507,HYFL20507AT,インクラインベンチ,ok,,,HY,FL,20,507,AT,HY,FL,20,507,AT
509,P0000508,HYMC20508AT,スミスマシン,warning,maker_legacy_code_ambiguous,"Maker legacy code MC is shared by ['MAXICAM', 'MUSCLE_CLAMP'].",HY,MC,20,508,AT,HY,MC,20,508,AT
510,P0000509,HYTS20509AT,パワーラック,ok,,,HY,TS,20,509,AT,HY,TS,20,509,AT
511,P0000510,HYIV20510AT,CD1-10+ラック,ok,,,HY,IV,20,510,AT,HY,IV,20,510,AT
512,P0000511,HYIV20511AT,SDKR12-26+ラック,ok,,,HY,IV,20,511,AT,HY,IV,20,511,AT
513,P0000512,HYMC20512AT,アジャスタブルベンチ,warning,maker_legacy_code_ambiguous,"Maker legacy code MC is shared by ['MAXICAM', 'MUSCLE_CLAMP'].",HY,MC,20,512,AT,HY,MC,20,512,AT
514,P0000513,HYIV20513AT,オリンピックシャフト,ok,,,HY,IV,20,513,AT,HY,IV,20,513,AT
515,P0000514,HYCY20514AT,パワーラック,ok,,,HY,CY,20,514,AT,HY,CY,20,514,AT
516,P0000515,MDHZ20515AT,TEMPO T82,ok,,,MD,HZ,20,515,AT,MD,HZ,20,515,AT
517,P0000516,HYIV20516AT,ROEZHCオリンピックラバーイージーグリッププレート(カラータイプ)25kg(赤),ok,,,HY,IV,20,516,AT,HY,IV,20,516,AT
518,P0000517,HYIV20517AT,ROEZHCオリンピックラバーイージーグリッププレート(カラータイプ)20kg(青),ok,,,HY,IV,20,517,AT,HY,IV,20,517,AT
519,P0000518,HYIV20518AT,ROEZHCオリンピックラバーイージーグリッププレート(カラータイプ)15kg(黄),ok,,,HY,IV,20,518,AT,HY,IV,20,518,AT
520,P0000519,HYIV20519AT,ROEZHCオリンピックラバーイージーグリッププレート10kg,ok,,,HY,IV,20,519,AT,HY,IV,20,519,AT
521,P0000520,HYIV20520AT,ROEZHCオリンピックラバーイージーグリッププレート5kg,ok,,,HY,IV,20,520,AT,HY,IV,20,520,AT
522,P0000521,HYIV20521AT,ROEZHCオリンピックラバーイージーグリッププレート2.5kg,ok,,,HY,IV,20,521,AT,HY,IV,20,521,AT
523,P0000522,HYIV20522AT,ROEZHCオリンピックラバーイージーグリッププレート1.25kg,ok,,,HY,IV,20,522,AT,HY,IV,20,522,AT
524,P0000523,SATG20523AT,レッグエクステンション&カール,ok,,,SA,TG,20,523,AT,SA,TG,20,523,AT
525,P0000524,SANB20524AT,バックエクステンション,ok,,,SA,NB,20,524,AT,SA,NB,20,524,AT
526,P0000525,SAMG20525AT,チェストプレス,ok,,,SA,MG,20,525,AT,SA,MG,20,525,AT
527,P0000526,SABS20526AT,バックエクステンション,ok,,,SA,BS,20,526,AT,SA,BS,20,526,AT
528,P0000527,SABS20527AT,アジャスタブルベンチ,ok,,,SA,BS,20,527,AT,SA,BS,20,527,AT
529,P0000528,HYBL20528AT,オリンピックベンチ,ok,,,HY,BL,20,528,AT,HY,BL,20,528,AT
530,P0000529,MDHZ20529AT,COMFORT 5,ok,,,MD,HZ,20,529,AT,MD,HZ,20,529,AT
531,P0000530,HYBL20530AT,ラバープレート25kg,ok,,,HY,BL,20,530,AT,HY,BL,20,530,AT
532,P0000531,HYBL20531AT,ラバープレート20kg,ok,,,HY,BL,20,531,AT,HY,BL,20,531,AT
533,P0000532,HYBL20532AT,ラバープレート15kg,ok,,,HY,BL,20,532,AT,HY,BL,20,532,AT
534,P0000533,HYBL20533AT,ラバープレート10kg,ok,,,HY,BL,20,533,AT,HY,BL,20,533,AT
535,P0000534,HYBL20534AT,ラバープレート5kg,ok,,,HY,BL,20,534,AT,HY,BL,20,534,AT
536,P0000535,HYBL20535AT,ラバープレート2.5kg,ok,,,HY,BL,20,535,AT,HY,BL,20,535,AT
537,P0000536,HYZV20536AT,ラバーダンベル32kg,ok,,,HY,ZV,20,536,AT,HY,ZV,20,536,AT
538,P0000537,HYZV20537AT,ラバーダンベル36kg,ok,,,HY,ZV,20,537,AT,HY,ZV,20,537,AT
539,P0000538,HYZV20538AT,ラバーダンベル40kg,ok,,,HY,ZV,20,538,AT,HY,ZV,20,538,AT
540,P0000539,HYZV20539AT,ラバーダンベル44kg,ok,,,HY,ZV,20,539,AT,HY,ZV,20,539,AT
541,P0000540,HYZV20540AT,ラバーダンベル48kg,ok,,,HY,ZV,20,540,AT,HY,ZV,20,540,AT
542,P0000541,HYIV20541AT,オリンピックシャフト,ok,,,HY,IV,20,541,AT,HY,IV,20,541,AT
543,P0000542,HYBL20542AT,オリンピックシャフト,ok,,,HY,BL,20,542,AT,HY,BL,20,542,AT
544,P0000543,HYBL20543AT,オリンピックシャフト,ok,,,HY,BL,20,543,AT,HY,BL,20,543,AT
545,P0000544,HYNT20544AT,レッグエクステンション&カール,ok,,,HY,NT,20,544,AT,HY,NT,20,544,AT
546,P0000545,HYBL20545AT,ラバープレート1.25kg,ok,,,HY,BL,20,545,AT,HY,BL,20,545,AT
547,P0000546,HYLF20546AT,レッグカール,warning,maker_legacy_code_ambiguous,"Maker legacy code LF is shared by ['LAFITNESS', 'LIFE_FITNESS'].",HY,LF,20,546,AT,HY,LF,20,546,AT
548,P0000547,SASN20547AT,パワーラック,ok,,,SA,SN,20,547,AT,SA,SN,20,547,AT
549,P0000548,SASN20548AT,パワーラック+ベンチセット,ok,,,SA,SN,20,548,AT,SA,SN,20,548,AT
550,P0000549,SANT20549AT,オーバーヘッドプレス,ok,,,SA,NT,20,549,AT,SA,NT,20,549,AT
551,P0000550,SANT20550AT,コンパウンドロー,ok,,,SA,NT,20,550,AT,SA,NT,20,550,AT
552,P0000551,SANT20551AT,ロータリートルソー,ok,,,SA,NT,20,551,AT,,NT,20,551,AT
553,P0000552,SASN20552AT,ベンチプレス,ok,,,SA,SN,20,552,AT,SA,SN,20,552,AT
554,P0000553,HYTG20553AT,アジャスタブルベンチ,ok,,,HY,TG,20,553,AT,HY,TG,20,553,AT
555,P0000554,HYNT20554AT,アブドミナル,ok,,,HY,NT,20,554,AT,HY,NT,20,554,AT
556,P0000555,HYNT20555AT,ロータリートルソー,ok,,,HY,NT,20,555,AT,HY,NT,20,555,AT
557,P0000556,HYNT20556AT,プローンレッグカール,ok,,,HY,NT,20,556,AT,HY,NT,20,556,AT
558,P0000557,HYNT20557AT,ローワーバック,ok,,,HY,NT,20,557,AT,HY,NT,20,557,AT
559,P0000558,HYNT20558AT,アブダクション・アダクション,ok,,,HY,NT,20,558,AT,HY,NT,20,558,AT
560,P0000559,HYBL20559AT,アジャスタブルベンチ,ok,,,HY,BL,20,559,AT,HY,BL,20,559,AT
561,P0000560,HYBL20560AT,オリンピックベンチ,ok,,,HY,BL,20,560,AT,HY,BL,20,560,AT
562,P0000561,HYNB20561AT,ペックフライ,ok,,,HY,NB,20,561,AT,HY,NB,20,561,AT
563,P0000562,HYNT20562AT,ロータリトルソー,ok,,,HY,NT,20,562,AT,HY,NT,20,562,AT
564,P0000563,HYNT20563AT,チェストプレス,ok,,,HY,NT,20,563,AT,HY,NT,20,563,AT
565,P0000564,HYNT20564AT,レッグエクステンション,ok,,,HY,NT,20,564,AT,HY,NT,20,564,AT
566,P0000565,HYNT20565AT,レッグプレス,ok,,,HY,NT,20,565,AT,HY,NT,20,565,AT
567,P0000566,HYNT20566AT,スーパープルオーバー,ok,,,HY,NT,20,566,AT,HY,NT,20,566,AT
568,P0000567,HYNT20567AT,トルソーアーム,ok,,,HY,NT,20,567,AT,HY,NT,20,567,AT
569,P0000568,HYNT20568AT,マルチマシン オリジナル,ok,,,HY,NT,20,568,AT,HY,NT,20,568,AT
570,P0000569,HYNT20569AT,カーフレイズ,ok,,,HY,NT,20,569,AT,HY,NT,20,569,AT
571,P0000570,HYIV20570AT,3段ダンベルラック+ダンベル1-5kgセット,ok,,,HY,IV,20,570,AT,HY,IV,20,570,AT
572,P0000571,HYIV20571AT,ELEIKO、BULLダンベルセット27.5-48kg+IVANKOラック,ok,,,HY,IV,20,571,AT,HY,IV,20,571,AT
573,P0000572,HYNB20572AT,セーフティスクワットバー28mm,ok,,,HY,NB,20,572,AT,HY,NB,20,572,AT
574,P0000573,HYNB20573AT,ラットバー,ok,,,HY,NB,20,573,AT,HY,NB,20,573,AT
575,P0000574,HYNB20574AT,ラットバー,ok,,,HY,NB,20,574,AT,HY,NB,20,574,AT
576,P0000575,OONB20575AT,岩盤浴 玉川の湯,ok,,,OO,NB,20,575,AT,OO,NB,20,575,AT
577,P0000576,HYIV20576AT,サイクルハンドルバーMPB-11,ok,,,HY,IV,20,576,AT,HY,IV,20,576,AT
578,P0000577,HYBL20577AT,ダンベル60,ok,,,HY,BL,20,577,AT,HY,BL,20,577,AT
579,P0000578,HYCY20578AT,ショルダープレス,ok,,,HY,CY,20,578,AT,HY,CY,20,578,AT
580,P0000579,HYCY20579AT,スクワットラック,ok,,,HY,CY,20,579,AT,HY,CY,20,579,AT
581,P0000580,HYCY20580AT,ケーブルクロスオーバー,ok,,,HY,CY,20,580,AT,HY,CY,20,580,AT
582,P0000581,HYNB20581AT,ワンハンドルバー(半円),ok,,,HY,NB,20,581,AT,HY,NB,20,581,AT
583,P0000582,HYNB20582AT,ワンハンドルバー(四角),ok,,,HY,NB,20,582,AT,HY,NB,20,582,AT
584,P0000583,SAKS20583AT,カイザー12台セット+コンプレッサー,ok,,,SA,KS,20,583,AT,SA,KS,20,583,AT
585,P0000584,SATC20584AT,パワーラック,ok,,,SA,TC,20,584,AT,SA,TC,20,584,AT
586,P0000585,SASN20585AT,プラットフォーム,ok,,,SA,SN,20,585,AT,SA,SN,20,585,AT
587,P0000586,HYZV20586AT,ダンベルセット32-50kgセット+ダンベルラック,ok,,,HY,ZV,20,586,AT,HY,ZV,20,586,AT
588,P0000587,SANB20587AT,45度レッグプレス,ok,,,SA,NB,20,587,AT,SA,NB,20,587,AT
589,P0000588,HYNB20588AT,ストレートバー ショートバー,ok,,,HY,NB,20,588,AT,HY,NB,20,588,AT
590,P0000589,HYNB20589AT,ストレートバー ショートバー,ok,,,HY,NB,20,589,AT,HY,NB,20,589,AT
591,P0000590,HYNB20590AT,トライセップスロープ,ok,,,HY,NB,20,590,AT,HY,NB,20,590,AT
592,P0000591,HYNB20591AT,Tバーローバーベル固定アタッチメント,ok,,,HY,NB,20,591,AT,HY,NB,20,591,AT
593,P0000592,HYGL20592AT,アームブラスター,ok,,,HY,GL,20,592,AT,HY,GL,20,592,AT
594,P0000593,HYNB20593AT,プレートラック 28mm,ok,,,HY,NB,20,593,AT,HY,NB,20,593,AT
595,P0000594,HYNB20594AT,ラットバー,ok,,,HY,NB,20,594,AT,HY,NB,20,594,AT
596,P0000595,HYNB20595AT,オリンピックシャフト,ok,,,HY,NB,20,595,AT,HY,NB,20,595,AT
597,P0000596,HYTR20596AT,スミスマシン 28mm対応,ok,,,HY,TR,20,596,AT,HY,TR,20,596,AT
598,P0000597,SAIT20597AT,ダンベルセット(メーカー不揃い),ok,,,SA,IT,20,597,AT,SA,IT,20,597,AT
599,P0000598,SABF20598AT,アジャスタブルベンチ,ok,,,SA,BF,20,598,AT,SA,BF,20,598,AT
600,P0000599,SALF20599AT,アブドミナル・ローワーバック2台セット,warning,maker_legacy_code_ambiguous,"Maker legacy code LF is shared by ['LAFITNESS', 'LIFE_FITNESS'].",SA,LF,20,599,AT,SA,LF,20,599,AT
601,P0000600,SALF20600AT,アダクション・アブダクションセット,warning,maker_legacy_code_ambiguous,"Maker legacy code LF is shared by ['LAFITNESS', 'LIFE_FITNESS'].",SA,LF,20,600,AT,SA,LF,20,600,AT
602,P0000601,SACY20601AT,レッグエクステンション,ok,,,SA,CY,20,601,AT,SA,CY,20,601,AT
603,P0000602,SAIV20602AT,ジャンク品、オリンピックシャフト、IVANKO他,ok,,,SA,IV,20,602,AT,SA,IV,20,602,AT
604,P0000603,SANB20603AT,スポンジマット(汚れあり),ok,,,SA,NB,20,603,AT,SA,NB,20,603,AT
605,P0000604,SANB20604AT,跳び箱 6段 ロイター板セット,ok,,,SA,NB,20,604,AT,SA,NB,20,604,AT
606,P0000605,SATG20605AT,エレメント シーテッド レッグカール,ok,,,SA,TG,20,605,AT,SA,TG,20,605,AT
607,P0000606,SATC20606AT,アブドミナルベンチ,ok,,,SA,TC,20,606,AT,SA,TC,20,606,AT
608,P0000607,HYPR20607AT,スミスマシン,ok,,,HY,PR,20,607,AT,HY,PR,20,607,AT
609,P0000608,HYPB20608AT,POWER BLOCK EXP+スタンド,warning,maker_legacy_code_ambiguous,"Maker legacy code PB is shared by ['PB', 'POWER_BLOCK'].",HY,PB,20,608,AT,HY,PB,20,608,AT
610,P0000609,HYNT20609AT,マルチエクササイズ オリジナル,ok,,,HY,NT,20,609,AT,HY,NT,20,609,AT
611,P0000610,HYCP20610AT,アブドミナルベンチ,ok,,,HY,CP,20,610,AT,HY,CP,20,610,AT
612,P0000611,SAMX21611AT,フラットベンチ+ダンベル16kg,ok,,,SA,MX,21,611,AT,SA,MX,21,611,AT
613,P0000612,SANT21612AT,レッグエクステンション ネクスト,ok,,,SA,NT,21,612,AT,SA,NT,21,612,AT
614,P0000613,MIpt21613AT,ラットマシン,ok,,,MI,PT,21,613,AT,MI,PT,21,613,AT
615,P0000614,MIpt21614AT,マルチプレス,ok,,,MI,PT,21,614,AT,MI,PT,21,614,AT
616,P0000615,HYNB21615AT,28mmプレート,ok,,,HY,NB,21,615,AT,HY,NB,21,615,AT
617,P0000616,HYHZ21616AT,アドニスベンチ,ok,,,HY,HZ,21,616,AT,HY,HZ,21,616,AT
618,P0000617,HYOT21617AT,ベンチ,warning,maker_legacy_code_ambiguous,"Maker legacy code OT is shared by ['OLYMPIC', 'OTHER'].",HY,OT,21,617,AT,HY,,21,617,AT
619,P0000618,MIYY21618AT,オリンピックシャフト,ok,,,MI,YY,21,618,AT,MI,YY,21,618,AT
620,P0000619,MIYY21619AT,オリンピックシャフト,ok,,,MI,YY,21,619,AT,MI,YY,21,619,AT
621,P0000620,HYSN21620AT,ハイプーリー,ok,,,HY,SN,21,620,AT,HY,SN,21,620,AT
622,P0000621,SAMG21621AT,シーテッドレッグカール,ok,,,SA,MG,21,621,AT,SA,MG,21,621,AT
623,P0000622,SATR21622AT,ダンベルセット7.5-30kg ラック付き,ok,,,SA,TR,21,622,AT,SA,TR,21,622,AT
624,P0000623,SACY21623AT,プルオーバー,ok,,,SA,CY,21,623,AT,SA,CY,21,623,AT
625,P0000624,SACY21624AT,ロータリートルソー,ok,,,SA,CY,21,624,AT,SA,CY,21,624,AT
626,P0000625,SAKS21625AT,アブドミナルボード2連,ok,,,SA,KS,21,625,AT,SA,KS,21,625,AT
627,P0000626,SAKS21626AT,バックエクステンション,ok,,,SA,KS,21,626,AT,SA,KS,21,626,AT
628,P0000627,MIBL21627AT,トレーニングロープ,ok,,,MI,BL,21,627,AT,MI,BL,21,627,AT
629,P0000628,SAKS21628AT,12台セット,ok,,,SA,KS,21,628,AT,SA,KS,21,628,AT
630,P0000629,SASN21629AT,スクワットラック,ok,,,SA,SN,21,629,AT,SA,SN,21,629,AT
631,P0000630,SAIS21630AT,プリーチャーカールベンチ,ok,,,SA,IS,21,630,AT,SA,IS,21,630,AT
632,P0000631,SAZV21631AT,ウレタンダンベルセット12-30kgsetラック付き,ok,,,SA,ZV,21,631,AT,SA,ZV,21,631,AT
633,P0000632,SAOT21632AT,HAMPTON ダンベルセット タワー付き,warning,maker_legacy_code_ambiguous,"Maker legacy code OT is shared by ['OLYMPIC', 'OTHER'].",SA,OT,21,632,AT,SA,,21,632,AT
634,P0000633,HYNB21633AT,ダンベル5kg,ok,,,HY,NB,21,633,AT,HY,NB,21,633,AT
635,P0000634,HYIV21634AT,ROEZHCオリンピックラバーイージーグリッププレートセット売り,ok,,,HY,IV,21,634,AT,HY,IV,21,634,AT
636,P0000635,YANT21635AT,ダブルショルダー,ok,,,YA,NT,21,635,AT,YA,NT,21,635,AT
637,P0000636,MITG21636AT,ハックスクワットマシン,ok,,,MI,TG,21,636,AT,MI,TG,21,636,AT
638,P0000637,HYHT21637AT,プレートツリー50mm,ok,,,HY,HT,21,637,AT,HY,HT,21,637,AT
639,P0000638,MINB21638AT,オリンピックシャフト150cm 15kg,ok,,,MI,NB,21,638,AT,MI,NB,21,638,AT
640,P0000639,HYNT21639AT,2ST レッグエクステンション&レッグカール,ok,,,HY,NT,21,639,AT,HY,NT,21,639,AT
641,P0000640,MITR21640AT,アブクラッシャー,ok,,,MI,TR,21,640,AT,MI,TR,21,640,AT
642,P0000641,HYHZ21641AT,COMFORT 5 リファービッシュ,ok,,,HY,HZ,21,641,AT,HY,HZ,21,641,AT
643,P0000642,SAMC21642AT,スクワットプレス&スタンディングカーフレイズ,warning,maker_legacy_code_ambiguous,"Maker legacy code MC is shared by ['MAXICAM', 'MUSCLE_CLAMP'].",SA,MC,21,642,AT,SA,MC,21,642,AT
644,P0000643,SAMC21643AT,レッグプレス,warning,maker_legacy_code_ambiguous,"Maker legacy code MC is shared by ['MAXICAM', 'MUSCLE_CLAMP'].",SA,MC,21,643,AT,SA,MC,21,643,AT
645,P0000644,SAMC21644AT,ショルダープレス,warning,maker_legacy_code_ambiguous,"Maker legacy code MC is shared by ['MAXICAM', 'MUSCLE_CLAMP'].",SA,MC,21,644,AT,SA,MC,21,644,AT
646,P0000645,SAMC21645AT,フライ,warning,maker_legacy_code_ambiguous,"Maker legacy code MC is shared by ['MAXICAM', 'MUSCLE_CLAMP'].",SA,MC,21,645,AT,SA,MC,21,645,AT
647,P0000646,SAMC21646AT,ディップス,warning,maker_legacy_code_ambiguous,"Maker legacy code MC is shared by ['MAXICAM', 'MUSCLE_CLAMP'].",SA,MC,21,646,AT,SA,MC,21,646,AT
648,P0000647,SAMC21647AT,ラット&ロー,warning,maker_legacy_code_ambiguous,"Maker legacy code MC is shared by ['MAXICAM', 'MUSCLE_CLAMP'].",SA,MC,21,647,AT,SA,MC,21,647,AT
649,P0000648,HYCP21648AT,チェストプレス,ok,,,HY,CP,21,648,AT,HY,CP,21,648,AT
650,P0000649,HYCY21649AT,チェストプレス,ok,,,HY,CY,21,649,AT,HY,CY,21,649,AT
651,P0000650,MINT21650AT,XPLoad Tバーロウ,ok,,,MI,NT,21,650,AT,MI,NT,21,650,AT
652,P0000651,SANT21651AT,G3ラットプルダウン,error,maker_mismatch,"Maker code mismatch: expected MX, got NT.",SA,NT,21,651,AT,SA,MX,21,651,AT
653,P0000652,SAHT21652AT,シーテッドディップス,ok,,,SA,HT,21,652,AT,SA,HT,21,652,AT
654,P0000653,HYCP21653AT,レッグプレス,ok,,,HY,CP,21,653,AT,HY,CP,21,653,AT
655,P0000654,SASN21654AT,レッグエクステンション&レッグカール2台1セット,ok,,,SA,SN,21,654,AT,SA,SN,21,654,AT
656,P0000655,HYCY21655AT,ラットプルダウン,ok,,,HY,CY,21,655,AT,HY,CY,21,655,AT
657,P0000656,HYTG21656AT,エクササイズバー 10kg,ok,,,HY,TG,21,656,AT,HY,TG,21,656,AT
658,P0000657,SAIV21657AT,オリンピックシャフト,ok,,,SA,IV,21,657,AT,SA,IV,21,657,AT
659,P0000658,SAIP21658AT,ハーフラック,ok,,,SA,IP,21,658,AT,SA,IP,21,658,AT
660,P0000659,MIHZ21659AT,インドアサイクルS3,ok,,,MI,HZ,21,659,AT,MI,HZ,21,659,AT
661,P0000660,HYZV21660AT,ラバープレート10kg,ok,,,HY,ZV,21,660,AT,HY,ZV,21,660,AT
662,P0000661,HYIV21661AT,オリンピックプレート5kg,ok,,,HY,IV,21,661,AT,HY,IV,21,661,AT
663,P0000662,HYIV21662AT,オリンピックプレート2.5,ok,,,HY,IV,21,662,AT,HY,IV,21,662,AT
664,P0000663,HYIV21663AT,オリンピックプレート1.25,ok,,,HY,IV,21,663,AT,HY,IV,21,663,AT
665,P0000664,HYSN21664AT,スクワットラック,ok,,,HY,SN,21,664,AT,HY,SN,21,664,AT
666,P0000665,HYKT21665AT,ゴムマット,warning,legacy_maker_code_alias,Legacy maker code KT is accepted for expected KO.,HY,KT,21,665,AT,HY,KO,21,665,AT
667,P0000666,HYMG21666AT,レッグプレス,ok,,,HY,MG,21,666,AT,HY,MG,21,666,AT
668,P0000667,HYCP21667AT,レッグプレス、チェストプレス、レッグエクステンション&カールの3台セット,ok,,,HY,CP,21,667,AT,HY,CP,21,667,AT
669,P0000668,HYIC21668AT,ショルダープレス,ok,,,HY,IC,21,668,AT,HY,IC,21,668,AT
670,P0000669,HYNT21669AT,レッグプレス,ok,,,HY,NT,21,669,AT,HY,NT,21,669,AT
671,P0000670,HYTG21670AT,バックエクステンションベンチ,ok,,,HY,TG,21,670,AT,HY,TG,21,670,AT
672,P0000671,HYTG21671AT,パワーラック,ok,,,HY,TG,21,671,AT,HY,TG,21,671,AT
673,P0000672,HYZV21672AT,ラバーダンベルセット12-30kg+ラック,ok,,,HY,ZV,21,672,AT,HY,ZV,21,672,AT
674,P0000673,HYTG21673AT,アジャスタブルベンチ,ok,,,HY,TG,21,673,AT,HY,TG,21,673,AT
675,P0000674,HYTG21674AT,オリンピックシャフト,ok,,,HY,TG,21,674,AT,HY,TG,21,674,AT
676,P0000675,HYTG21675AT,ウレタンディスク20kg,ok,,,HY,TG,21,675,AT,HY,TG,21,675,AT
677,P0000676,HYTG21676AT,ウレタンディスク10kg,ok,,,HY,TG,21,676,AT,HY,TG,21,676,AT
678,P0000677,HYTG21677AT,ウレタンディスク5kg,ok,,,HY,TG,21,677,AT,HY,TG,21,677,AT
679,P0000678,HYTG21678AT,ウレタンディスク2.5kg,ok,,,HY,TG,21,678,AT,HY,TG,21,678,AT
680,P0000679,HYMX21679AT,アップライトバイクU7Xi (タッチパネル),ok,,,HY,MX,21,679,AT,HY,MX,21,679,AT
681,P0000680,HYMX21680AT,リカンベントバイクR1x,ok,,,HY,MX,21,680,AT,HY,MX,21,680,AT
682,P0000681,HYOT21681AT,サンドバッグ,warning,maker_legacy_code_ambiguous,"Maker legacy code OT is shared by ['OLYMPIC', 'OTHER'].",HY,OT,21,681,AT,HY,,21,681,AT
683,P0000682,HYMX21682AT,アップライトバイクU1X,ok,,,HY,MX,21,682,AT,HY,MX,21,682,AT
684,P0000683,HYPR21683AT,ストレッチトレーナー,ok,,,HY,PR,21,683,AT,HY,PR,21,683,AT
685,P0000684,HYHR21684AT,ダンベルダンプクッション(2個1セット),ok,,,HY,HR,21,684,AT,HY,HR,21,684,AT
686,P0000685,HYMX21685AT,ペックフライ,ok,,,HY,MX,21,685,AT,HY,MX,21,685,AT
687,P0000686,HYTG21686AT,オリンピックベンチ,ok,,,HY,TG,21,686,AT,HY,TG,21,686,AT
688,P0000687,HYMX21687AT,アジャスタブルディクラインベンチ(赤),ok,,,HY,MX,21,687,AT,HY,MX,21,687,AT
689,P0000688,HYMX21688AT,アジャスタブルディクラインベンチ(黒),ok,,,HY,MX,21,688,AT,HY,MX,21,688,AT
690,P0000689,HYTG21689AT,フラットベンチ,ok,,,HY,TG,21,689,AT,HY,TG,21,689,AT
691,P0000690,HYTG21690AT,レッグプレス,ok,,,HY,TG,21,690,AT,HY,TG,21,690,AT
692,P0000691,HYOT21691AT,Total Gym コアトレーナー,warning,maker_legacy_code_ambiguous,"Maker legacy code OT is shared by ['OLYMPIC', 'OTHER'].",HY,OT,21,691,AT,HY,,21,691,AT
693,P0000692,HYTG21692AT,レッグエクステンション&カール2台1セット,ok,,,HY,TG,21,692,AT,HY,TG,21,692,AT
694,P0000693,HYMX21693AT,トレッドミル,ok,,,HY,MX,21,693,AT,HY,MX,21,693,AT
695,P0000694,HYMX21694AT,ハイブリッドサイクルH7x,ok,,,HY,MX,21,694,AT,HY,MX,21,694,AT
696,P0000695,HYOT21695AT,サンドバッグ,warning,maker_legacy_code_ambiguous,"Maker legacy code OT is shared by ['OLYMPIC', 'OTHER'].",HY,OT,21,695,AT,HY,,21,695,AT
697,P0000696,HYOT21696AT,AbCoaster CS1500,warning,maker_legacy_code_ambiguous,"Maker legacy code OT is shared by ['OLYMPIC', 'OTHER'].",HY,OT,21,696,AT,HY,,21,696,AT
698,P0000697,HYMX21697AT,バックエクステンションベンチ,ok,,,HY,MX,21,697,AT,HY,MX,21,697,AT
699,P0000698,HYMX21698AT,バックエクステンション,ok,,,HY,MX,21,698,AT,HY,MX,21,698,AT
700,P0000699,HYTG21699AT,アブダクター・アダクター2台1セット,ok,,,HY,TG,21,699,AT,HY,TG,21,699,AT
701,P0000700,HYMX21700AT,アブドミナル,ok,,,HY,MX,21,700,AT,HY,MX,21,700,AT
702,P0000701,HYMX21701AT,ラットプルダウン,ok,,,HY,MX,21,701,AT,HY,MX,21,701,AT
703,P0000702,HYMG21702AT,シングルケーブル,ok,,,HY,MG,21,702,AT,HY,MG,21,702,AT
704,P0000703,HYMX21703AT,ショルダープレス,ok,,,HY,MX,21,703,AT,HY,MX,21,703,AT
705,P0000704,HYIG21704AT,オリンピックプレート2.5kg,warning,maker_legacy_code_ambiguous,"Maker legacy code IG is shared by ['IGNIO', 'IRON_GRIP'].",HY,IG,21,704,AT,HY,IG,21,704,AT
706,P0000705,SASN21705AT,5台セット,ok,,,SA,SN,21,705,AT,SA,SN,21,705,AT
707,P0000706,SANTAT706AT,レッグエクステンション,warning,legacy_purchase_year_code,Legacy purchase year code AT is accepted for existing data.,SA,NT,AT,706,AT,SA,NT,,706,AT
708,P0000707,SAKSAT707AT,バックエクステンション,warning,legacy_purchase_year_code,Legacy purchase year code AT is accepted for existing data.,SA,KS,AT,707,AT,SA,KS,,707,AT
709,P0000708,SAOTAT708AT,WEIDER ベンチプレス,warning,legacy_purchase_year_code | maker_legacy_code_ambiguous,"Legacy purchase year code AT is accepted for existing data. | Maker legacy code OT is shared by ['OLYMPIC', 'OTHER'].",SA,OT,AT,708,AT,SA,,,708,AT
710,P0000709,SASNAT709AT,ラットプルダウン,warning,legacy_purchase_year_code,Legacy purchase year code AT is accepted for existing data.,SA,SN,AT,709,AT,SA,SN,,709,AT
711,P0000710,SASNAT710AT,チンニング&ディップス,warning,legacy_purchase_year_code,Legacy purchase year code AT is accepted for existing data.,SA,SN,AT,710,AT,SA,SN,,710,AT
712,P0000711,SAOTAT711AT,WEIDER ショルダープレス,warning,legacy_purchase_year_code | maker_legacy_code_ambiguous,"Legacy purchase year code AT is accepted for existing data. | Maker legacy code OT is shared by ['OLYMPIC', 'OTHER'].",SA,OT,AT,711,AT,SA,,,711,AT
713,P0000712,SAOTAT712AT,アダクション&アダクション,warning,legacy_purchase_year_code | maker_legacy_code_ambiguous,"Legacy purchase year code AT is accepted for existing data. | Maker legacy code OT is shared by ['OLYMPIC', 'OTHER'].",SA,OT,AT,712,AT,SA,,,712,AT
714,P0000713,SAKSAT713AT,8台セット,warning,legacy_purchase_year_code,Legacy purchase year code AT is accepted for existing data.,SA,KS,AT,713,AT,SA,KS,,713,AT
715,P0000714,SANT21714AT,Next generation レッグエクステンション&シーテッドレッグカール2台セット,ok,,,SA,NT,21,714,AT,SA,NT,21,714,AT
716,P0000715,SANT21715AT,Next generation ベンチプレス,ok,,,SA,NT,21,715,AT,SA,NT,21,715,AT
717,P0000716,SANT21716AT,Next generation アブドミナル、ローワーバック、ロータリトルソー3台セット,ok,,,SA,NT,21,716,AT,SA,NT,21,716,AT
718,P0000717,HYPM21717AT,ファンクショナルトレーナー,ok,,,HY,PM,21,717,AT,HY,PM,21,717,AT
719,P0000718,SATG21718AT,45度レッグプレス,ok,,,SA,TG,21,718,AT,SA,TG,21,718,AT
720,P0000719,HYMX21719AT,チェストプレス,ok,,,HY,MX,21,719,AT,HY,MX,21,719,AT
721,P0000720,HYMX22720AT,グルート,ok,,,HY,MX,22,720,AT,HY,MX,22,720,AT
722,P0000721,SANT22721AT,オーバーヘッドプレス2st,ok,,,SA,NT,22,721,AT,SA,NT,22,721,AT
723,P0000722,SANT22722AT,ロータリトルソー オリジナル,ok,,,SA,NT,22,722,AT,SA,NT,22,722,AT
724,P0000723,SADF22723AT,4ステーション,ok,,,SA,DF,22,723,AT,SA,DF,22,723,AT
725,P0000724,SANT22724AT,3台セットアブドミナル・ローワーバック・ロータリトルソー Next Generation,ok,,,SA,NT,22,724,AT,SA,NT,22,724,AT
726,P0000725,MITS22725AT,レッグエクステンション&プローンレッグカール,ok,,,MI,TS,22,725,AT,MI,TS,22,725,AT
727,P0000726,HYTR22726AT,マッスルライン 5台セット,ok,,,HY,TR,22,726,AT,HY,TR,22,726,AT
728,P0000727,SANT22727AT,ベンチプレス,ok,,,SA,NT,22,727,AT,SA,NT,22,727,AT
729,P0000728,SAMX22728AT,ロータリーヒップ,ok,,,SA,MX,22,728,AT,SA,MX,22,728,AT
730,P0000729,SASN22729AT,シーテッドレッグカール,ok,,,SA,SN,22,729,AT,SA,SN,22,729,AT
731,P0000730,SASN22730AT,アームカール,ok,,,SA,SN,22,730,AT,SA,SN,22,730,AT
732,P0000731,SASN22731AT,ベンチプレス,ok,,,SA,SN,22,731,AT,SA,SN,22,731,AT
733,P0000732,SASN22732AT,プリーチャーカールベンチ,ok,,,SA,SN,22,732,AT,SA,SN,22,732,AT
734,P0000733,HYOT22733AT,PRO-ELITE STRENGTH SYSTEMS バーティカルニーレイズ/チン,warning,maker_legacy_code_ambiguous,"Maker legacy code OT is shared by ['OLYMPIC', 'OTHER'].",HY,OT,22,733,AT,HY,,22,733,AT
735,P0000734,HYTR22734AT,レッグプレス兼ハックスクワット(ウェイトホルダ28mmプレート220kg付き),ok,,,HY,TR,22,734,AT,HY,TR,22,734,AT
736,P0000735,SATG22735AT,テクノジム 油圧マシン 9台セット+2台,ok,,,SA,TG,22,735,AT,SA,TG,22,735,AT
737,P0000736,HYIV22736AT,ラバーウェイトリフティングオリンピックプレート10kg,ok,,,HY,IV,22,736,AT,HY,IV,22,736,AT
738,P0000737,HYOT22737AT,ダンベル+ラック,warning,maker_legacy_code_ambiguous,"Maker legacy code OT is shared by ['OLYMPIC', 'OTHER'].",HY,OT,22,737,AT,HY,,22,737,AT
739,P0000738,HYCY22738AT,チェストプレス,ok,,,HY,CY,22,738,AT,HY,CY,22,738,AT
740,P0000739,HYTS22739AT,パワーラック,ok,,,HY,TS,22,739,AT,HY,TS,22,739,AT
741,P0000740,HYOT22740AT,オリンピックベンチ,warning,maker_legacy_code_ambiguous,"Maker legacy code OT is shared by ['OLYMPIC', 'OTHER'].",HY,OT,22,740,AT,HY,,22,740,AT
742,P0000741,MIHZ22741AT,クロストレーナー,ok,,,MI,HZ,22,741,AT,MI,HZ,22,741,AT
743,P0000742,HYOT22742AT,ボディプランナー DF870,warning,maker_legacy_code_ambiguous,"Maker legacy code OT is shared by ['OLYMPIC', 'OTHER'].",HY,OT,22,742,AT,HY,,22,742,AT
744,P0000743,MIIV22743AT,ダンベルセット12-30kg+ラック,ok,,,MI,IV,22,743,AT,MI,IV,22,743,AT
745,P0000744,HYMX22744AT,ダンベルラック10ペア用,ok,,,HY,MX,22,744,AT,HY,MX,22,744,AT
746,P0000745,HYTG22745AT,マシン8台セット,ok,,,HY,TG,22,745,AT,HY,TG,22,745,AT
747,P0000746,HYMX22746AT,シーテッドロウ,ok,,,HY,MX,22,746,AT,HY,MX,22,746,AT
748,P0000747,HYMX22747AT,アブダクション・アダクション,ok,,,HY,MX,22,747,AT,HY,MX,22,747,AT
749,P0000748,SAST22748AT,アブドミナル・ローワーバック,ok,,,SA,ST,22,748,AT,SA,ST,22,748,AT
750,P0000749,SAOT22749AT,BODY TONE チェストプレス,warning,maker_legacy_code_ambiguous,"Maker legacy code OT is shared by ['OLYMPIC', 'OTHER'].",SA,OT,22,749,AT,SA,,22,749,AT
751,P0000750,SASN22750AT,ダンベルセット,ok,,,SA,SN,22,750,AT,SA,SN,22,750,AT
752,P0000751,SAOT22751AT,BODY TONE レッグプレス,warning,maker_legacy_code_ambiguous,"Maker legacy code OT is shared by ['OLYMPIC', 'OTHER'].",SA,OT,22,751,AT,SA,,22,751,AT
753,P0000752,SACY22752AT,ロータリートルソー,ok,,,SA,CY,22,752,AT,SA,CY,22,752,AT
754,P0000753,SATC22753AT,バックエクステンション,ok,,,SA,TC,22,753,AT,SA,TC,22,753,AT
755,P0000754,HYMX22754AT,トライセプスプレス,ok,,,HY,MX,22,754,AT,HY,MX,22,754,AT
756,P0000755,HYOT22755AT,ロープーリーハンドル,warning,maker_legacy_code_ambiguous,"Maker legacy code OT is shared by ['OLYMPIC', 'OTHER'].",HY,OT,22,755,AT,HY,,22,755,AT
757,P0000756,SAMG22756AT,チェストプレス,ok,,,SA,MG,22,756,AT,SA,MG,22,756,AT
758,P0000757,SAOT22757AT,EVOLGEAR ヒップスラスト,warning,maker_legacy_code_ambiguous,"Maker legacy code OT is shared by ['OLYMPIC', 'OTHER'].",SA,OT,22,757,AT,SA,,22,757,AT
759,P0000758,HYBm22758AT,45度レッグプレス,warning,maker_legacy_code_ambiguous,"Maker legacy code BM is shared by ['BODY_MAKER', 'BODY_MASTERS'].",HY,BM,22,758,AT,HY,BM,22,758,AT
760,P0000759,SAOT22759AT,EVOLGEAR ヒップスラスト,warning,maker_legacy_code_ambiguous,"Maker legacy code OT is shared by ['OLYMPIC', 'OTHER'].",SA,OT,22,759,AT,SA,,22,759,AT
761,P0000760,HYNT22760AT,8台セット,ok,,,HY,NT,22,760,AT,HY,NT,22,760,AT
762,P0000761,MIYY22761AT,パワーラック,ok,,,MI,YY,22,761,AT,MI,YY,22,761,AT
763,P0000762,HYBm22762AT,ケーブルクロスオーバー,warning,maker_legacy_code_ambiguous,"Maker legacy code BM is shared by ['BODY_MAKER', 'BODY_MASTERS'].",HY,BM,22,762,AT,HY,BM,22,762,AT
764,P0000763,HYOT22763AT,PRO-ELITE STRENGTH SYSTEMS VKR,warning,maker_legacy_code_ambiguous,"Maker legacy code OT is shared by ['OLYMPIC', 'OTHER'].",HY,OT,22,763,AT,HY,,22,763,AT
765,P0000764,MIOT22764AT,STEELFLEX パワーラック,warning,maker_legacy_code_ambiguous,"Maker legacy code OT is shared by ['OLYMPIC', 'OTHER'].",MI,OT,22,764,AT,MI,,22,764,AT
766,P0000765,HYKS22765AT,6台セット+コンプレッサー100V,ok,,,HY,KS,22,765,AT,HY,KS,22,765,AT
767,P0000766,HYMX22766AT,フラットベンチ,ok,,,HY,MX,22,766,AT,HY,MX,22,766,AT
768,P0000767,MIYY22767AT,ヘックスバー,ok,,,MI,YY,22,767,AT,MI,YY,22,767,AT
769,P0000768,MIBL22768AT,IPF公認 セラミックシャフト,ok,,,MI,BL,22,768,AT,MI,BL,22,768,AT
770,P0000769,MISN22769AT,ラットマシン,ok,,,MI,SN,22,769,AT,MI,SN,22,769,AT
771,P0000770,MIYY22770AT,ハックスクワットマシン,ok,,,MI,YY,22,770,AT,MI,YY,22,770,AT
772,P0000771,EHTR22771AT,ハーフラック,ok,,,EH,TR,22,771,AT,EH,TR,22,771,AT
773,P0000772,EHTC22772AT,パワーラック,ok,,,EH,TC,22,772,AT,EH,TC,22,772,AT
774,P0000773,HYTR22773AT,【委託】マッスルライン9台セット,ok,,,HY,TR,22,773,AT,HY,TR,22,773,AT
775,P0000774,HYTR22774AT,【委託】コンディショニングライン14台セット,ok,,,HY,TR,22,774,AT,HY,TR,22,774,AT
776,P0000775,OYNT22775AT,アブドミナル,ok,,,OY,NT,22,775,AT,OY,NT,22,775,AT
777,P0000776,OYNT22776AT,コンパウンドロウ,ok,,,OY,NT,22,776,AT,OY,NT,22,776,AT
778,P0000777,OYNT22777AT,バーティカルチェスト,ok,,,OY,NT,22,777,AT,OY,NT,22,777,AT
779,P0000778,OYNT22778AT,トルソーアーム,ok,,,OY,NT,22,778,AT,OY,NT,22,778,AT
780,P0000779,OYNT22779AT,レッグプレス,ok,,,OY,NT,22,779,AT,OY,NT,22,779,AT
781,P0000780,OYGX22780AT,スミスマシン,ok,,,OY,GX,22,780,AT,OY,GX,22,780,AT
782,P0000781,EHCY22781AT,アジャスタブルベンチ,ok,,,EH,CY,22,781,AT,EH,CY,22,781,AT
783,P0000782,EHCY22782AT,アジャスタブルベンチ,ok,,,EH,CY,22,782,AT,EH,CY,22,782,AT
784,P0000783,HYTR22783AT,【委託】マッスルライン ショルダープレス,ok,,,HY,TR,22,783,AT,HY,TR,22,783,AT
785,P0000784,HYTR22784AT,【委託】マッスルライン プッシュダウン,ok,,,HY,TR,22,784,AT,HY,TR,22,784,AT
786,P0000785,HYTR22785AT,【委託】コンディショニングライン 起き上がり訓,ok,,,HY,TR,22,785,AT,HY,TR,22,785,AT
787,P0000786,HYTR22786AT,【委託】コンディショニングライン 開け閉め訓,ok,,,HY,TR,22,786,AT,HY,TR,22,786,AT
788,P0000787,HYTR22787AT,【委託】コンディショニングライン 立ち屈み訓,ok,,,HY,TR,22,787,AT,HY,TR,22,787,AT
789,P0000788,HYTR22788AT,【委託】コンディショニングライン 立ち上がり訓,ok,,,HY,TR,22,788,AT,HY,TR,22,788,AT
790,P0000789,HYTR22789AT,【委託】コンディショニングライン 押し引き訓,ok,,,HY,TR,22,789,AT,HY,TR,22,789,AT
791,P0000790,HYTR22790AT,【委託】コンディショニングライン 膝上げ訓,ok,,,HY,TR,22,790,AT,HY,TR,22,790,AT
792,P0000791,HYTR22791AT,【委託】コンディショニングライン 持ち上げ訓,ok,,,HY,TR,22,791,AT,HY,TR,22,791,AT
793,P0000792,HYTR22792AT,【委託】コンディショニングライン 膝らく訓,ok,,,HY,TR,22,792,AT,HY,TR,22,792,AT
794,P0000793,HYTR22793AT,【委託】コンディショニングライン 椅子,ok,,,HY,TR,22,793,AT,HY,TR,22,793,AT
795,P0000794,HYTR22794AT,【委託】マッスルライン マッスルインクライン,ok,,,HY,TR,22,794,AT,HY,TR,22,794,AT
796,P0000795,HYMX22795AT,リカンベントバイクR1X,ok,,,HY,MX,22,795,AT,HY,MX,22,795,AT
797,P0000796,SAMX22796AT,マイクロジム開業応援品2台セットG3 シーテッドロウ、チェストプレスセット,ok,,,SA,MX,22,796,AT,SA,MX,22,796,AT
798,P0000797,SAMX22797AT,G3ラットプルダウン,ok,,,SA,MX,22,797,AT,SA,MX,22,797,AT
799,P0000798,SAMX22798AT,マイクロジム開業応援品3台セット MATRIX G3レッグプレス+SENOHレッグエクステンション&シーテッドレッグカール,ok,,,SA,MX,22,798,AT,SA,MX,22,798,AT
800,P0000799,HYMX22799AT,アセントトレーナーA3x,ok,,,HY,MX,22,799,AT,HY,MX,22,799,AT
801,P0000800,HYTG22800AT,プレートツリー50mm,ok,,,HY,TG,22,800,AT,HY,TG,22,800,AT
802,P0000801,SAST23801AT,アブドミナル ローワーバック,ok,,,SA,ST,23,801,AT,SA,ST,23,801,AT
803,P0000802,SAOT23802AT,Cara ラバーマット まとめ買いでお買い得,warning,maker_legacy_code_ambiguous,"Maker legacy code OT is shared by ['OLYMPIC', 'OTHER'].",SA,OT,23,802,AT,SA,,23,802,AT
804,P0000803,SAMC23803AT,下半身 3点セット,warning,maker_legacy_code_ambiguous,"Maker legacy code MC is shared by ['MAXICAM', 'MUSCLE_CLAMP'].",SA,MC,23,803,AT,SA,MC,23,803,AT
805,P0000804,HYMX23804AT,ハイブリッドバイク,ok,,,HY,MX,23,804,AT,HY,MX,23,804,AT
806,P0000805,HYMX23805AT,リカンベントバイク,ok,,,HY,MX,23,805,AT,HY,MX,23,805,AT
807,P0000806,HYMX23806AT,アップライトバイクU1X,ok,,,HY,MX,23,806,AT,HY,MX,23,806,AT
808,P0000807,HYTG23807AT,クランチベンチ,ok,,,HY,TG,23,807,AT,HY,TG,23,807,AT
809,P0000808,HYTG23808AT,フラットベンチ,ok,,,HY,TG,23,808,AT,HY,TG,23,808,AT
810,P0000809,HYCY23809AT,VR3 プルダウン,ok,,,HY,CY,23,809,AT,HY,CY,23,809,AT
811,P0000810,HYZV23810AT,訳アリ良品 オリンピックラバープレート20kg(未使用品),ok,,,HY,ZV,23,810,AT,HY,ZV,23,810,AT
812,P0000811,HYMX23811AT,トレッドミル,ok,,,HY,MX,23,811,AT,HY,MX,23,811,AT
813,P0000812,HYNT23812AT,10°チェスト ネクスト,ok,,,HY,NT,23,812,AT,HY,NT,23,812,AT
814,P0000813,HYNT23813AT,マルチバイセプス ネクスト,ok,,,HY,NT,23,813,AT,HY,NT,23,813,AT
815,P0000814,HYNT23814AT,マルチエクササイズ オリジナル,ok,,,HY,NT,23,814,AT,HY,NT,23,814,AT
816,P0000815,HYIV23815AT,ダンベルセット1-10kg,ok,,,HY,IV,23,815,AT,HY,IV,23,815,AT
817,P0000816,HYNT23816AT,レッグカール ネクスト,ok,,,HY,NT,23,816,AT,HY,NT,23,816,AT
818,P0000817,HYNT23817AT,アブダクション・アダクション オリジナル,ok,,,HY,NT,23,817,AT,HY,NT,23,817,AT
819,P0000818,SAOT23818AT,OG技研 レッグプレス,warning,maker_legacy_code_ambiguous,"Maker legacy code OT is shared by ['OLYMPIC', 'OTHER'].",SA,OT,23,818,AT,SA,,23,818,AT
820,P0000819,SANB23819AT,アジャスタブルベンチ,ok,,,SA,NB,23,819,AT,SA,NB,23,819,AT
821,P0000820,HYNT23820AT,アブドミナル ネクスト,ok,,,HY,NT,23,820,AT,HY,NT,23,820,AT
822,P0000821,MIYY23821AT,レッグプレスマシン,ok,,,MI,YY,23,821,AT,MI,YY,23,821,AT
823,P0000822,HYIV23822AT,リボルビングカールバー,ok,,,HY,IV,23,822,AT,HY,IV,23,822,AT
824,P0000823,HYIV23823AT,トライセップVバー(エンドキャップ無し),ok,,,HY,IV,23,823,AT,HY,IV,23,823,AT
825,P0000824,HYIV23824AT,ストレートバー(エンドキャップ無し),ok,,,HY,IV,23,824,AT,HY,IV,23,824,AT
826,P0000825,HYIV23825AT,重量微調整 追加用ピン、プレート,ok,,,HY,IV,23,825,AT,HY,IV,23,825,AT
827,P0000826,HYTG23826AT,リカンベントバイク,ok,,,HY,TG,23,826,AT,HY,TG,23,826,AT
828,P0000827,HYNB23827AT,ワンハンドルバー(角型),ok,,,HY,NB,23,827,AT,HY,NB,23,827,AT
829,P0000828,HYNB23828AT,ストレートバーアタッチメント,ok,,,HY,NB,23,828,AT,HY,NB,23,828,AT
830,P0000829,HYIV23829AT,オリンピックカラー,ok,,,HY,IV,23,829,AT,HY,IV,23,829,AT
831,P0000830,HYIV23830AT,オリンピックシャフト,ok,,,HY,IV,23,830,AT,HY,IV,23,830,AT
832,P0000831,HYNB23831AT,ロープーリーハンドル,ok,,,HY,NB,23,831,AT,HY,NB,23,831,AT
833,P0000832,HYRE23832AT,ダンベル0.5kg (1ペア),ok,,,HY,RE,23,832,AT,HY,RE,23,832,AT
834,P0000833,HYSW23833AT,スピニングバイク,ok,,,HY,SW,23,833,AT,HY,SW,23,833,AT
835,P0000834,HYTG23834AT,ダンベルセット12-22kg+ラック,ok,,,HY,TG,23,834,AT,HY,TG,23,834,AT
836,P0000835,HYCY23835AT,シーテッドレッグカール,ok,,,HY,CY,23,835,AT,HY,CY,23,835,AT
837,P0000836,MIOT23836AT,フィットネスショップ アブコースター,warning,maker_legacy_code_ambiguous,"Maker legacy code OT is shared by ['OLYMPIC', 'OTHER'].",MI,OT,23,836,AT,MI,,23,836,AT
838,P0000837,HYNT23837AT,レッグエクステンション ネクスト,ok,,,HY,NT,23,837,AT,HY,NT,23,837,AT
839,P0000838,MIOT23838AT,バンパープレート 25kg 1ペア,warning,maker_legacy_code_ambiguous,"Maker legacy code OT is shared by ['OLYMPIC', 'OTHER'].",MI,OT,23,838,AT,MI,,23,838,AT
840,P0000839,MIOT23839AT,バンパープレート 5kg 1ペア,warning,maker_legacy_code_ambiguous,"Maker legacy code OT is shared by ['OLYMPIC', 'OTHER'].",MI,OT,23,839,AT,MI,,23,839,AT
841,P0000840,HYTG23840AT,ショルダープレス,ok,,,HY,TG,23,840,AT,HY,TG,23,840,AT
842,P0000841,HYTG23841AT,レッグプレス,ok,,,HY,TG,23,841,AT,HY,TG,23,841,AT
843,P0000842,HYTG23842AT,ローロウ,ok,,,HY,TG,23,842,AT,HY,TG,23,842,AT
844,P0000843,HYIV23843AT,ダンベルセット1-10kg(ダンベルラック付き),ok,,,HY,IV,23,843,AT,HY,IV,23,843,AT
845,P0000844,HYTG23844AT,チェストプレス,ok,,,HY,TG,23,844,AT,HY,TG,23,844,AT
846,P0000845,HYCY23845AT,フラットベンチ,ok,,,HY,CY,23,845,AT,HY,CY,23,845,AT
847,P0000846,HYIV23846AT,セットダンベル(ラバー)50kg,ok,,,HY,IV,23,846,AT,HY,IV,23,846,AT
848,P0000847,HYIV23847AT,SDKR セットダンベル(ラバー)46kg,ok,,,HY,IV,23,847,AT,HY,IV,23,847,AT
849,P0000848,HYIV23848AT,セットダンベル(ラバー)42kg,ok,,,HY,IV,23,848,AT,HY,IV,23,848,AT
850,P0000849,HYTG23849AT,レッグエクステンション&レッグカール2台1セット,ok,,,HY,TG,23,849,AT,HY,TG,23,849,AT
851,P0000850,HYTG23850AT,アブドミナル,ok,,,HY,TG,23,850,AT,HY,TG,23,850,AT
852,P0000851,HYTG23851AT,ラットプルダウン,ok,,,HY,TG,23,851,AT,HY,TG,23,851,AT
853,P0000852,HYPB23852AT,パワーブロック SPORT 9.0 スタンド付き,warning,maker_legacy_code_ambiguous,"Maker legacy code PB is shared by ['PB', 'POWER_BLOCK'].",HY,PB,23,852,AT,HY,PB,23,852,AT
854,P0000853,HYNT23853AT,パーソナルサーキット,ok,,,HY,NT,23,853,AT,HY,NT,23,853,AT
855,P0000854,HYOT23854AT,WILD FIT オリンピックラバープレート20kg 1ペア,warning,maker_legacy_code_ambiguous,"Maker legacy code OT is shared by ['OLYMPIC', 'OTHER'].",HY,OT,23,854,AT,HY,,23,854,AT
856,P0000855,HYOT23855AT,WILD FIT オリンピックラバープレート15kg 1ペア,warning,maker_legacy_code_ambiguous,"Maker legacy code OT is shared by ['OLYMPIC', 'OTHER'].",HY,OT,23,855,AT,HY,,23,855,AT
857,P0000856,HYOT23856AT,WILD FIT オリンピックラバープレート10kg 1ペア,warning,maker_legacy_code_ambiguous,"Maker legacy code OT is shared by ['OLYMPIC', 'OTHER'].",HY,OT,23,856,AT,HY,,23,856,AT
858,P0000857,MIOT23857AT,WILD FIT オリンピックシャフト180cm 15kg(50mm口径),warning,maker_legacy_code_ambiguous,"Maker legacy code OT is shared by ['OLYMPIC', 'OTHER'].",MI,OT,23,857,AT,MI,,23,857,AT
859,P0000858,MIOT23858AT,WILD FIT オリンピックシャフト220cm 20kg(50mm口径) シルバー,warning,maker_legacy_code_ambiguous,"Maker legacy code OT is shared by ['OLYMPIC', 'OTHER'].",MI,OT,23,858,AT,MI,,23,858,AT
860,P0000859,MIOT23859AT,WILD FIT オリンピックシャフト220cm 20kg(50mm口径) ブラック,warning,maker_legacy_code_ambiguous,"Maker legacy code OT is shared by ['OLYMPIC', 'OTHER'].",MI,OT,23,859,AT,MI,,23,859,AT
861,P0000860,MIOT23860AT,WILD FIT ケトルベル36kg,warning,maker_legacy_code_ambiguous,"Maker legacy code OT is shared by ['OLYMPIC', 'OTHER'].",MI,OT,23,860,AT,MI,,23,860,AT
862,P0000861,MIIV23861AT,28mm口径プレート 5kg,ok,,,MI,IV,23,861,AT,MI,IV,23,861,AT
863,P0000862,MIOT23862AT,WILD FIT オリンピックラバープレート2.5kg 1枚,warning,maker_legacy_code_ambiguous,"Maker legacy code OT is shared by ['OLYMPIC', 'OTHER'].",MI,OT,23,862,AT,MI,,23,862,AT
864,P0000863,MIOT23863AT,WILD FIT オリンピックラバープレート5kg 1枚,warning,maker_legacy_code_ambiguous,"Maker legacy code OT is shared by ['OLYMPIC', 'OTHER'].",MI,OT,23,863,AT,MI,,23,863,AT
865,P0000864,HYMX23864AT,フラットベンチ,ok,,,HY,MX,23,864,AT,HY,MX,23,864,AT
866,P0000865,HYPR23865AT,レッグプレス,ok,,,HY,PR,23,865,AT,HY,PR,23,865,AT
867,P0000866,HYIV23866AT,ラバーダンベル54kg1個,ok,,,HY,IV,23,866,AT,HY,IV,23,866,AT
868,P0000867,HYIV23867AT,ラバーダンベル32kg1個,ok,,,HY,IV,23,867,AT,HY,IV,23,867,AT
869,P0000868,HYIV23868AT,セットダンベル(ラバー)40kg,ok,,,HY,IV,23,868,AT,HY,IV,23,868,AT
870,P0000869,HYIV23869AT,セットダンベル(ラバー)38kg,ok,,,HY,IV,23,869,AT,HY,IV,23,869,AT
871,P0000870,HYIV23870AT,セットダンベル(ラバー)36kg,ok,,,HY,IV,23,870,AT,HY,IV,23,870,AT
872,P0000871,HYIV23871AT,セットダンベル(ラバー)34kg,ok,,,HY,IV,23,871,AT,HY,IV,23,871,AT
873,P0000872,HYIV23872AT,セットダンベル(ラバー)30kg,ok,,,HY,IV,23,872,AT,HY,IV,23,872,AT
874,P0000873,MIIT23873AT,ヘックスバー50mm,ok,,,MI,IT,23,873,AT,MI,IT,23,873,AT
875,P0000874,HYCY23874AT,フライ,ok,,,HY,CY,23,874,AT,HY,CY,23,874,AT
876,P0000875,HYCP23875AT,レッグエクステンション&レッグカール,ok,,,HY,CP,23,875,AT,HY,CP,23,875,AT
877,P0000876,HYCP23876AT,チェストプレス,ok,,,HY,CP,23,876,AT,HY,CP,23,876,AT
878,P0000877,HYOT23877AT,Legend Fitness Glute/Ham Developer,warning,maker_legacy_code_ambiguous,"Maker legacy code OT is shared by ['OLYMPIC', 'OTHER'].",HY,OT,23,877,AT,HY,,23,877,AT
879,P0000878,HYOT23878AT,ULTiMABODY トレーニングセット一式,warning,maker_legacy_code_ambiguous,"Maker legacy code OT is shared by ['OLYMPIC', 'OTHER'].",HY,OT,23,878,AT,HY,,23,878,AT
880,P0000879,KUFM23879AT,ケーブルクロス,ok,,,KU,FM,23,879,AT,KU,FM,23,879,AT
881,P0000880,MIYY23880AT,補助スタンド付きワイドベンチ,ok,,,MI,YY,23,880,AT,MI,YY,23,880,AT
882,P0000881,HYCY23881AT,レッグエクステンション,ok,,,HY,CY,23,881,AT,HY,CY,23,881,AT
883,P0000882,HYMX23882AT,トレッドミル(2014年製 現状渡し),ok,,,HY,MX,23,882,AT,HY,MX,23,882,AT
884,P0000883,MIYY23883AT,バタフライ&リバースフライマシン,ok,,,MI,YY,23,883,AT,MI,YY,23,883,AT
885,P0000884,MIHZ23884AT,インクラインベンチ台,ok,,,MI,HZ,23,884,AT,MI,HZ,23,884,AT
886,P0000885,HYIV23885AT,トライセップVバー,ok,,,HY,IV,23,885,AT,HY,IV,23,885,AT
887,P0000886,HYOT23886AT,ロープーリーハンドル,warning,maker_legacy_code_ambiguous,"Maker legacy code OT is shared by ['OLYMPIC', 'OTHER'].",HY,OT,23,886,AT,HY,,23,886,AT
888,P0000887,HYOT23887AT,オリジナルトレーニングノート,warning,maker_legacy_code_ambiguous,"Maker legacy code OT is shared by ['OLYMPIC', 'OTHER'].",HY,OT,23,887,AT,HY,,23,887,AT
889,P0000888,HYOT23888AT,チェーントレーニング用フック,warning,maker_legacy_code_ambiguous,"Maker legacy code OT is shared by ['OLYMPIC', 'OTHER'].",HY,OT,23,888,AT,HY,,23,888,AT
890,P0000889,MITG23889AT,エキサイトバイク700,ok,,,MI,TG,23,889,AT,MI,TG,23,889,AT
891,P0000890,HYCY23890AT,スミスマシン,ok,,,HY,CY,23,890,AT,HY,CY,23,890,AT
892,P0000891,HYCY23891AT,アブドミナルVR1,ok,,,HY,CY,23,891,AT,HY,CY,23,891,AT
893,P0000892,HYCY23892AT,プルダウンVR1,ok,,,HY,CY,23,892,AT,HY,CY,23,892,AT
894,P0000893,HYCY23893AT,レッグプレスVR1,ok,,,HY,CY,23,893,AT,HY,CY,23,893,AT
895,P0000894,HYCY23894AT,チェストプレスVR1,ok,,,HY,CY,23,894,AT,HY,CY,23,894,AT
896,P0000895,HYNP23895AT,オリンピックフラットベンチ,ok,,,HY,NP,23,895,AT,HY,NP,23,895,AT
897,P0000896,HYPR23896AT,ダンベルラック10ペア用,ok,,,HY,PR,23,896,AT,HY,PR,23,896,AT
898,P0000897,HYNT23897AT,ロータリトルソー,ok,,,HY,NT,23,897,AT,HY,NT,23,897,AT
899,P0000898,HYNT23898AT,NITRO ローワーバック,ok,,,HY,NT,23,898,AT,HY,NT,23,898,AT
900,P0000899,HYNT23899AT,NITRO アブドミナル,ok,,,HY,NT,23,899,AT,HY,NT,23,899,AT
901,P0000900,HYNT23900AT,NITRO レッグカール,ok,,,HY,NT,23,900,AT,HY,NT,23,900,AT
902,P0000901,HYNT23901AT,NITRO レッグエクステンション,ok,,,HY,NT,23,901,AT,HY,NT,23,901,AT
903,P0000902,HYNT23902AT,NITRO ラットプルダウン,ok,,,HY,NT,23,902,AT,HY,NT,23,902,AT
904,P0000903,HYNT23903AT,NITRO ヴァーティカルチェスト,ok,,,HY,NT,23,903,AT,HY,NT,23,903,AT
905,P0000904,HYTG24904AT,リカンベントバイク,ok,,,HY,TG,24,904,AT,HY,TG,24,904,AT
906,P0000905,HNOT24905AT,WILD FIT オリンピックラバ-プレート 150kgset,warning,maker_legacy_code_ambiguous,"Maker legacy code OT is shared by ['OLYMPIC', 'OTHER'].",HN,OT,24,905,AT,HN,,24,905,AT
907,P0000906,HNOT24906AT,WILD FIT ラバーダンベル 40kg×2,warning,maker_legacy_code_ambiguous,"Maker legacy code OT is shared by ['OLYMPIC', 'OTHER'].",HN,OT,24,906,AT,HN,,24,906,AT
908,P0000907,HNOT24907AT,WILD FIT ラバーダンベル 45kg×2,warning,maker_legacy_code_ambiguous,"Maker legacy code OT is shared by ['OLYMPIC', 'OTHER'].",HN,OT,24,907,AT,HN,,24,907,AT
909,P0000908,HNOT24908AT,WILD FIT ラバーダンベル 50kg×2,warning,maker_legacy_code_ambiguous,"Maker legacy code OT is shared by ['OLYMPIC', 'OTHER'].",HN,OT,24,908,AT,HN,,24,908,AT
910,P0000909,HYIC24909AT,ショルダープレス,ok,,,HY,IC,24,909,AT,HY,IC,24,909,AT
911,P0000910,HYNT24910AT,トルソアーム,ok,,,HY,NT,24,910,AT,HY,NT,24,910,AT
912,P0000911,HNTR24911AT,バーベルゲージ(ベンチセット),ok,,,HN,TR,24,911,AT,HN,TR,24,911,AT
913,P0000912,HNOT24912AT,EVOLGEARヒップスラスト,warning,maker_legacy_code_ambiguous,"Maker legacy code OT is shared by ['OLYMPIC', 'OTHER'].",HN,OT,24,912,AT,HN,,24,912,AT
914,P0000913,HNOT24913AT,イーグルGRローロー,warning,maker_legacy_code_ambiguous,"Maker legacy code OT is shared by ['OLYMPIC', 'OTHER'].",HN,OT,24,913,AT,HN,,24,913,AT
915,P0000914,HNOT24914AT,クロームメッキダンベル1~10kgペア ラックセット(未使用品),warning,maker_legacy_code_ambiguous,"Maker legacy code OT is shared by ['OLYMPIC', 'OTHER'].",HN,OT,24,914,AT,HN,,24,914,AT
916,P0000915,HYMX24915AT,リカンベントバイク,ok,,,HY,MX,24,915,AT,HY,MX,24,915,AT
917,P0000916,HYNT25916AT,ベンチプレス ネクスト,ok,,,HY,NT,25,916,AT,HY,NT,25,916,AT
918,P0000917,HYTR25917AT,ハックスクワット,ok,,,HY,TR,25,917,AT,HY,TR,25,917,AT
919,P0000918,HYNT25918AT,レッグエクステンション,ok,,,HY,NT,25,918,AT,HY,NT,25,918,AT
920,P0000919,HYUV25919AT,ケーブルマシン,ok,,,HY,UV,25,919,AT,HY,UV,25,919,AT
921,P0000920,HYSN25920AT,ラットプルダウン,ok,,,HY,SN,25,920,AT,HY,SN,25,920,AT
922,P0000921,HYTG25921AT,レッグエクステンション,ok,,,HY,TG,25,921,AT,HY,TG,25,921,AT
923,P0000922,HYTG25922AT,レッグカール,ok,,,HY,TG,25,922,AT,HY,TG,25,922,AT
924,P0000923,HYMX26923AT,S-Drive Performance Trainer,ok,,,HY,MX,26,923,AT,HY,MX,26,923,AT
925,P0000924,HYCY26924AT,スクワットプレス,ok,,,HY,CY,26,924,AT,HY,CY,26,924,AT
