row_no,level,issue_code,message,sd_product_code,master_type,raw_value
2,warning,image_url_suspicious,画像1 is not a URL and was excluded from source_image_urls_json.,OOB116001AT,image,中村様
2,warning,image_url_suspicious,画像3 is not a URL and was excluded from source_image_urls_json.,OOB116001AT,image,見積中
2,warning,image_missing,No source image URLs found in 画像1〜3.,OOB116001AT,,
3,warning,image_missing,No source image URLs found in 画像1〜3.,OOB116002AT,,
4,warning,image_missing,No source image URLs found in 画像1〜3.,OOCY16003LG,,
5,warning,image_missing,No source image URLs found in 画像1〜3.,OOCY16004CH,,
6,warning,image_missing,No source image URLs found in 画像1〜3.,HYCY17005BK,,
7,warning,image_missing,No source image URLs found in 画像1〜3.,OOCY15006AT,,
8,warning,image_missing,No source image URLs found in 画像1〜3.,OOEG15007AT,,
9,warning,image_missing,No source image URLs found in 画像1〜3.,OOEL15008AT,,
10,warning,image_missing,No source image URLs found in 画像1〜3.,HYEL15009AT,,
11,warning,image_missing,No source image URLs found in 画像1〜3.,OOEL15010AT,,
12,warning,image_missing,No source image URLs found in 画像1〜3.,OOEL15011AT,,
13,warning,image_missing,No source image URLs found in 画像1〜3.,HYEL15012AT,,
14,warning,image_missing,No source image URLs found in 画像1〜3.,HYEL15013AT,,
15,warning,image_missing,No source image URLs found in 画像1〜3.,OOEL15014AT,,
16,warning,image_missing,No source image URLs found in 画像1〜3.,OOEL15015AT,,
17,warning,image_missing,No source image URLs found in 画像1〜3.,OOEL15016AT,,
18,warning,image_missing,No source image URLs found in 画像1〜3.,OOEL15017AT,,
19,warning,image_missing,No source image URLs found in 画像1〜3.,OOEL15018AT,,
19,warning,sd_product_code_validation,Legacy maker code EL is accepted for expected EV.,OOEL15018AT,,
20,warning,image_missing,No source image URLs found in 画像1〜3.,OOFL16019AT,,
21,warning,image_missing,No source image URLs found in 画像1〜3.,OOFL16020AT,,
22,warning,image_missing,No source image URLs found in 画像1〜3.,OOFL16021AT,,
23,warning,image_missing,No source image URLs found in 画像1〜3.,OOFL16022AT,,
24,warning,image_missing,No source image URLs found in 画像1〜3.,OOFL16023AB,,
25,warning,image_missing,No source image URLs found in 画像1〜3.,OOFL17024AT,,
26,warning,image_missing,No source image URLs found in 画像1〜3.,OOFL15025AT,,
27,warning,image_missing,No source image URLs found in 画像1〜3.,OOFL15026AM,,
28,warning,image_missing,No source image URLs found in 画像1〜3.,OOFL15027AT,,
29,warning,image_missing,No source image URLs found in 画像1〜3.,OOFL15028AT,,
30,warning,image_missing,No source image URLs found in 画像1〜3.,OOFL15029AT,,
31,warning,image_missing,No source image URLs found in 画像1〜3.,OOFL16030AT,,
32,warning,image_missing,No source image URLs found in 画像1〜3.,OOFL16031LG,,
33,warning,image_missing,No source image URLs found in 画像1〜3.,OOFL15032AT,,
34,warning,image_missing,No source image URLs found in 画像1〜3.,OOFL15033AT,,
35,warning,image_missing,No source image URLs found in 画像1〜3.,OOFM17034BK,,
36,warning,image_missing,No source image URLs found in 画像1〜3.,OOGG15035AT,,
37,warning,image_missing,No source image URLs found in 画像1〜3.,OOGP16036AT,,
38,warning,image_missing,No source image URLs found in 画像1〜3.,OOHs18037AT,,
38,warning,sd_product_code_validation,"Maker legacy code HS is shared by ['HAMMER_STRENGTH', 'HS'].",OOHs18037AT,,
39,warning,image_missing,No source image URLs found in 画像1〜3.,OOIC16038SH,,
40,warning,image_missing,No source image URLs found in 画像1〜3.,OOIC16039CH,,
41,warning,image_missing,No source image URLs found in 画像1〜3.,OOIC17040AT,,
42,warning,image_missing,No source image URLs found in 画像1〜3.,OOISAT041AT,,
42,warning,sd_product_code_validation,Legacy purchase year code AT is accepted for existing data.,OOISAT041AT,,
43,warning,image_missing,No source image URLs found in 画像1〜3.,OOIG15042AT,,
43,warning,sd_product_code_validation,"Maker legacy code IG is shared by ['IGNIO', 'IRON_GRIP'].",OOIG15042AT,,
44,warning,image_missing,No source image URLs found in 画像1〜3.,OOIG15043AT,,
44,warning,sd_product_code_validation,"Maker legacy code IG is shared by ['IGNIO', 'IRON_GRIP'].",OOIG15043AT,,
45,warning,image_missing,No source image URLs found in 画像1〜3.,OOIG15044AT,,
45,warning,sd_product_code_validation,"Maker legacy code IG is shared by ['IGNIO', 'IRON_GRIP'].",OOIG15044AT,,
46,warning,image_missing,No source image URLs found in 画像1〜3.,OOIV16045AT,,
47,warning,image_missing,No source image URLs found in 画像1〜3.,OOIV16046AM,,
48,warning,image_missing,No source image URLs found in 画像1〜3.,OOIV16047AT,,
49,warning,image_missing,No source image URLs found in 画像1〜3.,OOIV16048AT,,
50,warning,image_missing,No source image URLs found in 画像1〜3.,OOIV16049AT,,
51,warning,image_missing,No source image URLs found in 画像1〜3.,OOIV16050AT,,
52,warning,image_missing,No source image URLs found in 画像1〜3.,OOIV16051AT,,
53,warning,image_missing,No source image URLs found in 画像1〜3.,HYIV16052AT,,
54,warning,image_missing,No source image URLs found in 画像1〜3.,OOIV16053AT,,
55,warning,image_missing,No source image URLs found in 画像1〜3.,OOIV16054AT,,
56,warning,image_missing,No source image URLs found in 画像1〜3.,OOIV16055AT,,
57,warning,image_missing,No source image URLs found in 画像1〜3.,OOIV16056AT,,
58,warning,image_missing,No source image URLs found in 画像1〜3.,OOIV16057AT,,
59,warning,image_missing,No source image URLs found in 画像1〜3.,OOIV16058AT,,
60,warning,image_missing,No source image URLs found in 画像1〜3.,OOIV16059AT,,
61,warning,image_missing,No source image URLs found in 画像1〜3.,OOIVAT060BK,,
61,warning,sd_product_code_validation,Legacy purchase year code AT is accepted for existing data. | Legacy maker code IV is accepted for expected LGF.,OOIVAT060BK,,
62,warning,image_missing,No source image URLs found in 画像1〜3.,OOLF16061AB,,
62,warning,sd_product_code_validation,"Maker legacy code LF is shared by ['LAFITNESS', 'LIFE_FITNESS'].",OOLF16061AB,,
63,warning,image_missing,No source image URLs found in 画像1〜3.,OOLF16062AM,,
63,warning,sd_product_code_validation,"Maker legacy code LF is shared by ['LAFITNESS', 'LIFE_FITNESS'].",OOLF16062AM,,
64,warning,image_missing,No source image URLs found in 画像1〜3.,OOLF15063AT,,
64,warning,sd_product_code_validation,"Maker legacy code LF is shared by ['LAFITNESS', 'LIFE_FITNESS'].",OOLF15063AT,,
65,warning,image_missing,No source image URLs found in 画像1〜3.,OOLF15064LG,,
65,warning,sd_product_code_validation,"Maker legacy code LF is shared by ['LAFITNESS', 'LIFE_FITNESS'].",OOLF15064LG,,
66,warning,image_missing,No source image URLs found in 画像1〜3.,HYMX17065BK,,
67,warning,image_missing,No source image URLs found in 画像1〜3.,HYMX17066CH,,
68,warning,image_missing,No source image URLs found in 画像1〜3.,HYNB16067AT,,
69,warning,image_missing,No source image URLs found in 画像1〜3.,HYNP18068BI,,
70,warning,image_missing,No source image URLs found in 画像1〜3.,OONS16069AM,,
71,warning,image_missing,No source image URLs found in 画像1〜3.,OONS16070AM,,
72,warning,image_missing,No source image URLs found in 画像1〜3.,OONS15071AT,,
73,warning,image_missing,No source image URLs found in 画像1〜3.,OOPR18072CH,,
74,warning,image_missing,No source image URLs found in 画像1〜3.,OOPR18073SH,,
75,warning,image_missing,No source image URLs found in 画像1〜3.,OOPT17074AT,,
76,warning,image_missing,No source image URLs found in 画像1〜3.,HYRB16075LG,,
77,warning,image_missing,No source image URLs found in 画像1〜3.,HYRG20076AT,,
78,warning,image_missing,No source image URLs found in 画像1〜3.,OOSW15077AT,,
79,warning,image_missing,No source image URLs found in 画像1〜3.,OOSN15078AT,,
80,warning,image_missing,No source image URLs found in 画像1〜3.,SASN15079CH,,
81,warning,image_missing,No source image URLs found in 画像1〜3.,HYSD16080AT,,
82,warning,image_missing,No source image URLs found in 画像1〜3.,OOSD16081AT,,
83,warning,image_missing,No source image URLs found in 画像1〜3.,OOSD15082AT,,
84,warning,image_missing,No source image URLs found in 画像1〜3.,OOIR15083AT,,
85,warning,image_missing,No source image URLs found in 画像1〜3.,HYYK15084AT,,
86,warning,image_missing,No source image URLs found in 画像1〜3.,OOGX15085AT,,
87,warning,image_missing,No source image URLs found in 画像1〜3.,OOGX15086SH,,
88,warning,image_missing,No source image URLs found in 画像1〜3.,HYKT16087AT,,
88,warning,sd_product_code_validation,Legacy maker code KT is accepted for expected KO.,HYKT16087AT,,
89,warning,image_missing,No source image URLs found in 画像1〜3.,OONT17088LG,,
90,warning,image_missing,No source image URLs found in 画像1〜3.,OONT18089BK,,
91,warning,image_missing,No source image URLs found in 画像1〜3.,OONT15090AT,,
92,warning,image_missing,No source image URLs found in 画像1〜3.,OONT15091CH,,
93,warning,image_missing,No source image URLs found in 画像1〜3.,OONT15092AT,,
94,warning,image_missing,No source image URLs found in 画像1〜3.,OONT15093AT,,
95,warning,image_url_suspicious,画像1 is not a URL and was excluded from source_image_urls_json.,OONT15094AM,image,池田
95,warning,image_url_suspicious,画像3 is not a URL and was excluded from source_image_urls_json.,OONT15094AM,image,見積中
95,warning,image_missing,No source image URLs found in 画像1〜3.,OONT15094AM,,
96,warning,image_missing,No source image URLs found in 画像1〜3.,OONT15095AT,,
97,warning,image_missing,No source image URLs found in 画像1〜3.,OONT15096AT,,
98,warning,image_missing,No source image URLs found in 画像1〜3.,OONT15097AT,,
99,warning,image_missing,No source image URLs found in 画像1〜3.,OONT15098LG,,
100,warning,image_missing,No source image URLs found in 画像1〜3.,OONT15099AT,,
101,warning,image_missing,No source image URLs found in 画像1〜3.,OONT15100AT,,
102,warning,image_missing,No source image URLs found in 画像1〜3.,HYNT15101AT,,
103,warning,image_missing,No source image URLs found in 画像1〜3.,OONT15102AT,,
104,warning,image_missing,No source image URLs found in 画像1〜3.,OONT15103AT,,
105,warning,image_missing,No source image URLs found in 画像1〜3.,OONT15104AT,,
106,warning,image_missing,No source image URLs found in 画像1〜3.,OONT15105AM,,
107,warning,image_missing,No source image URLs found in 画像1〜3.,OONT15106AT,,
108,warning,image_missing,No source image URLs found in 画像1〜3.,OONT16107CH,,
109,warning,image_missing,No source image URLs found in 画像1〜3.,OONT16108AM,,
110,warning,image_missing,No source image URLs found in 画像1〜3.,OONT16109AM,,
111,warning,image_missing,No source image URLs found in 画像1〜3.,OONT16110AT,,
112,warning,image_missing,No source image URLs found in 画像1〜3.,OONT16111AT,,
113,warning,image_missing,No source image URLs found in 画像1〜3.,OONT16112BK,,
114,warning,image_missing,No source image URLs found in 画像1〜3.,OONT16113BK,,
115,warning,image_missing,No source image URLs found in 画像1〜3.,OONT16114AT,,
116,warning,image_missing,No source image URLs found in 画像1〜3.,OONT16115AT,,
117,warning,category_unregistered,category is empty.,OONT16116AT,category,
117,warning,image_missing,No source image URLs found in 画像1〜3.,OONT16116AT,,
118,warning,image_missing,No source image URLs found in 画像1〜3.,OONT16117AM,,
119,warning,image_url_suspicious,画像1 is not a URL and was excluded from source_image_urls_json.,OONT16118AB,image,ミッキー
119,warning,image_url_suspicious,画像3 is not a URL and was excluded from source_image_urls_json.,OONT16118AB,image,見積中
119,warning,image_missing,No source image URLs found in 画像1〜3.,OONT16118AB,,
120,warning,image_missing,No source image URLs found in 画像1〜3.,OONT16119AT,,
121,warning,image_missing,No source image URLs found in 画像1〜3.,OONT16120AT,,
122,warning,image_missing,No source image URLs found in 画像1〜3.,OONT16121LG,,
123,warning,image_missing,No source image URLs found in 画像1〜3.,OONT16122AT,,
124,warning,image_missing,No source image URLs found in 画像1〜3.,OONT16123AB,,
125,warning,image_missing,No source image URLs found in 画像1〜3.,OONT16124,,
125,warning,sd_product_code_validation,"Legacy empty part code detected. Existing code is accepted, but new numbering should use a non-empty part code.",OONT16124,,
126,warning,image_missing,No source image URLs found in 画像1〜3.,OONB16125AT,,
127,warning,image_missing,No source image URLs found in 画像1〜3.,OONB16126AT,,
128,warning,image_missing,No source image URLs found in 画像1〜3.,OONB16127AT,,
129,warning,image_missing,No source image URLs found in 画像1〜3.,OONB16128AT,,
130,warning,image_missing,No source image URLs found in 画像1〜3.,OONB16129AT,,
131,warning,image_missing,No source image URLs found in 画像1〜3.,OONB16130AT,,
132,warning,image_missing,No source image URLs found in 画像1〜3.,OONB16131AT,,
133,warning,image_missing,No source image URLs found in 画像1〜3.,OONB16132AT,,
134,warning,image_missing,No source image URLs found in 画像1〜3.,HYNB17133AT,,
135,warning,image_missing,No source image URLs found in 画像1〜3.,OONB15134AT,,
136,warning,image_missing,No source image URLs found in 画像1〜3.,OONB15135AT,,
137,warning,image_missing,No source image URLs found in 画像1〜3.,OONB15136AT,,
138,warning,image_missing,No source image URLs found in 画像1〜3.,OONB15137AT,,
139,warning,image_missing,No source image URLs found in 画像1〜3.,OONB15138AT,,
140,warning,image_missing,No source image URLs found in 画像1〜3.,OONB15139AT,,
141,warning,image_missing,No source image URLs found in 画像1〜3.,OONB15140AT,,
142,warning,image_missing,No source image URLs found in 画像1〜3.,OONB15141AT,,
143,warning,image_missing,No source image URLs found in 画像1〜3.,OONB15142AT,,
144,warning,image_missing,No source image URLs found in 画像1〜3.,OONB15143AT,,
145,warning,image_missing,No source image URLs found in 画像1〜3.,OONB15144AT,,
146,warning,image_missing,No source image URLs found in 画像1〜3.,SANB15145AT,,
147,warning,image_missing,No source image URLs found in 画像1〜3.,OOHS16146AM,,
147,warning,sd_product_code_validation,"Maker legacy code HS is shared by ['HAMMER_STRENGTH', 'HS'].",OOHS16146AM,,
148,warning,image_missing,No source image URLs found in 画像1〜3.,OOHS16147AT,,
148,warning,sd_product_code_validation,"Maker legacy code HS is shared by ['HAMMER_STRENGTH', 'HS'].",OOHS16147AT,,
149,warning,image_missing,No source image URLs found in 画像1〜3.,OOHS16148AT,,
149,warning,sd_product_code_validation,"Maker legacy code HS is shared by ['HAMMER_STRENGTH', 'HS'].",OOHS16148AT,,
150,warning,image_url_suspicious,画像1 is not a URL and was excluded from source_image_urls_json.,OOHS16149CH,image,中村様
150,warning,image_url_suspicious,画像3 is not a URL and was excluded from source_image_urls_json.,OOHS16149CH,image,見積中
150,warning,image_missing,No source image URLs found in 画像1〜3.,OOHS16149CH,,
150,warning,sd_product_code_validation,"Maker legacy code HS is shared by ['HAMMER_STRENGTH', 'HS'].",OOHS16149CH,,
151,warning,image_missing,No source image URLs found in 画像1〜3.,OOHS16150AT,,
151,warning,sd_product_code_validation,"Maker legacy code HS is shared by ['HAMMER_STRENGTH', 'HS'].",OOHS16150AT,,
152,warning,image_missing,No source image URLs found in 画像1〜3.,OOHS16151AT,,
152,warning,sd_product_code_validation,"Maker legacy code HS is shared by ['HAMMER_STRENGTH', 'HS'].",OOHS16151AT,,
153,warning,image_url_suspicious,画像1 is not a URL and was excluded from source_image_urls_json.,OOHS16152AT,image,中村様
153,warning,image_url_suspicious,画像3 is not a URL and was excluded from source_image_urls_json.,OOHS16152AT,image,見積中
153,warning,image_missing,No source image URLs found in 画像1〜3.,OOHS16152AT,,
153,warning,sd_product_code_validation,"Maker legacy code HS is shared by ['HAMMER_STRENGTH', 'HS'].",OOHS16152AT,,
154,warning,image_missing,No source image URLs found in 画像1〜3.,OOHS18153AT,,
154,warning,sd_product_code_validation,"Maker legacy code HS is shared by ['HAMMER_STRENGTH', 'HS'].",OOHS18153AT,,
155,warning,image_missing,No source image URLs found in 画像1〜3.,OOHS17154LG,,
155,warning,sd_product_code_validation,"Maker legacy code HS is shared by ['HAMMER_STRENGTH', 'HS'].",OOHS17154LG,,
156,warning,image_missing,No source image URLs found in 画像1〜3.,OOHS15155AT,,
156,warning,sd_product_code_validation,"Maker legacy code HS is shared by ['HAMMER_STRENGTH', 'HS'].",OOHS15155AT,,
157,warning,image_missing,No source image URLs found in 画像1〜3.,OOHS15156AT,,
157,warning,sd_product_code_validation,"Maker legacy code HS is shared by ['HAMMER_STRENGTH', 'HS'].",OOHS15156AT,,
158,warning,image_missing,No source image URLs found in 画像1〜3.,OOBL16157AT,,
159,warning,image_missing,No source image URLs found in 画像1〜3.,OOBL16158AT,,
160,warning,image_missing,No source image URLs found in 画像1〜3.,OOBL16159AT,,
161,warning,image_missing,No source image URLs found in 画像1〜3.,OOBL16160AT,,
162,warning,image_missing,No source image URLs found in 画像1〜3.,HYBL16161AT,,
163,warning,image_missing,No source image URLs found in 画像1〜3.,OOBL16162AT,,
164,warning,image_missing,No source image URLs found in 画像1〜3.,OOBL16163AT,,
165,warning,image_missing,No source image URLs found in 画像1〜3.,OOBL16164AT,,
166,warning,image_missing,No source image URLs found in 画像1〜3.,OOBL16165AT,,
167,warning,image_missing,No source image URLs found in 画像1〜3.,OOBL16166AT,,
168,warning,image_missing,No source image URLs found in 画像1〜3.,OOBL16167AT,,
169,warning,image_missing,No source image URLs found in 画像1〜3.,OOBL16168AT,,
170,warning,image_missing,No source image URLs found in 画像1〜3.,OOBL16169AT,,
171,warning,image_missing,No source image URLs found in 画像1〜3.,OOBL16170AT,,
172,warning,image_missing,No source image URLs found in 画像1〜3.,OOBL16171AT,,
173,warning,image_missing,No source image URLs found in 画像1〜3.,OOBL16172AT,,
174,warning,image_missing,No source image URLs found in 画像1〜3.,OOHT16173AB,,
175,warning,image_missing,No source image URLs found in 画像1〜3.,OOHT15174LG,,
176,warning,store_unregistered,store is empty.,ATBMAT175AT,store,
176,warning,image_missing,No source image URLs found in 画像1〜3.,ATBMAT175AT,,
176,warning,sd_product_code_validation,"Legacy purchase year code AT is accepted for existing data. | Maker legacy code BM is shared by ['BODY_MAKER', 'BODY_MASTERS'].",ATBMAT175AT,,
177,warning,image_missing,No source image URLs found in 画像1〜3.,OOBM16176LG,,
177,warning,sd_product_code_validation,"Maker legacy code BM is shared by ['BODY_MAKER', 'BODY_MASTERS'].",OOBM16176LG,,
178,warning,image_missing,No source image URLs found in 画像1〜3.,OOBM15177AT,,
178,warning,sd_product_code_validation,"Maker legacy code BM is shared by ['BODY_MAKER', 'BODY_MASTERS'].",OOBM15177AT,,
179,warning,image_missing,No source image URLs found in 画像1〜3.,OOBM15178AT,,
179,warning,sd_product_code_validation,"Maker legacy code BM is shared by ['BODY_MAKER', 'BODY_MASTERS'].",OOBM15178AT,,
180,warning,image_missing,No source image URLs found in 画像1〜3.,OOBM15179AT,,
180,warning,sd_product_code_validation,"Maker legacy code BM is shared by ['BODY_MAKER', 'BODY_MASTERS'].",OOBM15179AT,,
181,warning,image_missing,No source image URLs found in 画像1〜3.,OOBM15180AT,,
181,warning,sd_product_code_validation,"Maker legacy code BM is shared by ['BODY_MAKER', 'BODY_MASTERS'].",OOBM15180AT,,
182,warning,image_missing,No source image URLs found in 画像1〜3.,OOBM15181AT,,
182,warning,sd_product_code_validation,"Maker legacy code BM is shared by ['BODY_MAKER', 'BODY_MASTERS'].",OOBM15181AT,,
183,warning,image_missing,No source image URLs found in 画像1〜3.,OOMGAT182AT,,
183,warning,sd_product_code_validation,Legacy purchase year code AT is accepted for existing data.,OOMGAT182AT,,
184,warning,image_missing,No source image URLs found in 画像1〜3.,HYMC15183AT,,
184,warning,sd_product_code_validation,"Maker legacy code MC is shared by ['MAXICAM', 'MUSCLE_CLAMP'].",HYMC15183AT,,
185,warning,image_missing,No source image URLs found in 画像1〜3.,OONT18184AT,,
186,warning,image_missing,No source image URLs found in 画像1〜3.,OOPM18185AT,,
187,warning,image_missing,No source image URLs found in 画像1〜3.,OOCY18186AT,,
188,warning,image_missing,No source image URLs found in 画像1〜3.,OOFL18187AT,,
189,warning,image_missing,No source image URLs found in 画像1〜3.,OOHS18188AT,,
189,warning,sd_product_code_validation,"Maker legacy code HS is shared by ['HAMMER_STRENGTH', 'HS'].",OOHS18188AT,,
190,warning,image_missing,No source image URLs found in 画像1〜3.,OONT18189AT,,
191,warning,store_unregistered,store is empty.,ATNT18190AT,store,
191,warning,image_missing,No source image URLs found in 画像1〜3.,ATNT18190AT,,
192,warning,image_missing,No source image URLs found in 画像1〜3.,HYBL18191AT,,
193,warning,image_missing,No source image URLs found in 画像1〜3.,HYBL18192AT,,
194,warning,image_missing,No source image URLs found in 画像1〜3.,HYBL18193AT,,
195,warning,image_missing,No source image URLs found in 画像1〜3.,HYKT18194AT,,
195,warning,sd_product_code_validation,Legacy maker code KT is accepted for expected KO.,HYKT18194AT,,
196,warning,image_missing,No source image URLs found in 画像1〜3.,HYKT18195AT,,
196,warning,sd_product_code_validation,Legacy maker code KT is accepted for expected KO.,HYKT18195AT,,
197,warning,image_missing,No source image URLs found in 画像1〜3.,SASN18196AT,,
198,warning,image_missing,No source image URLs found in 画像1〜3.,SASN18197AT,,
199,warning,image_missing,No source image URLs found in 画像1〜3.,SASN18198AT,,
200,warning,image_missing,No source image URLs found in 画像1〜3.,SASN18199AT,,
201,warning,image_missing,No source image URLs found in 画像1〜3.,SASN18200AT,,
202,warning,image_missing,No source image URLs found in 画像1〜3.,SASN18201AT,,
203,warning,image_missing,No source image URLs found in 画像1〜3.,SATC18202AT,,
204,warning,image_missing,No source image URLs found in 画像1〜3.,SAFR18203AT,,
205,warning,image_missing,No source image URLs found in 画像1〜3.,SANB18204AT,,
206,warning,image_missing,No source image URLs found in 画像1〜3.,SACY18205AT,,
207,warning,image_missing,No source image URLs found in 画像1〜3.,SACY18206AT,,
208,warning,image_missing,No source image URLs found in 画像1〜3.,SAPR18207AT,,
209,warning,image_missing,No source image URLs found in 画像1〜3.,SANT18208AT,,
210,warning,image_missing,No source image URLs found in 画像1〜3.,MIUV15209AT,,
211,warning,image_missing,No source image URLs found in 画像1〜3.,MINT17210AT,,
212,warning,image_missing,No source image URLs found in 画像1〜3.,MIYY18211AT,,
213,warning,image_missing,No source image URLs found in 画像1〜3.,MITF18212AT,,
214,warning,image_missing,No source image URLs found in 画像1〜3.,MIIg18213AT,,
214,warning,sd_product_code_validation,"Maker legacy code IG is shared by ['IGNIO', 'IRON_GRIP'].",MIIg18213AT,,
215,warning,image_missing,No source image URLs found in 画像1〜3.,MIYY18214AT,,
216,warning,image_missing,No source image URLs found in 画像1〜3.,SAMX18215AT,,
217,warning,image_missing,No source image URLs found in 画像1〜3.,SAMX18216AT,,
218,warning,image_missing,No source image URLs found in 画像1〜3.,SAMX18217AT,,
219,warning,image_missing,No source image URLs found in 画像1〜3.,MIUV18218AT,,
220,warning,image_missing,No source image URLs found in 画像1〜3.,OONT18219AT,,
221,warning,image_missing,No source image URLs found in 画像1〜3.,OONT18220AT,,
222,warning,image_missing,No source image URLs found in 画像1〜3.,OOPR18221AT,,
223,warning,image_missing,No source image URLs found in 画像1〜3.,SASN18222AT,,
224,warning,image_missing,No source image URLs found in 画像1〜3.,SAMX18223AT,,
225,warning,image_missing,No source image URLs found in 画像1〜3.,SAMX18224AT,,
226,warning,image_missing,No source image URLs found in 画像1〜3.,OOIV18225AT,,
227,warning,image_missing,No source image URLs found in 画像1〜3.,OOIV18226AT,,
228,warning,image_missing,No source image URLs found in 画像1〜3.,OONB18227AT,,
229,warning,image_missing,No source image URLs found in 画像1〜3.,OONB18228AT,,
230,warning,image_missing,No source image URLs found in 画像1〜3.,OOHT18229AT,,
231,warning,image_missing,No source image URLs found in 画像1〜3.,OOIV18230AT,,
232,warning,image_missing,No source image URLs found in 画像1〜3.,HYIV18231AT,,
233,warning,image_missing,No source image URLs found in 画像1〜3.,OOIV18232AT,,
234,warning,image_missing,No source image URLs found in 画像1〜3.,OOIV18233AT,,
235,warning,image_missing,No source image URLs found in 画像1〜3.,OOIV18234AT,,
236,warning,image_missing,No source image URLs found in 画像1〜3.,HYIV18235AT,,
237,warning,image_missing,No source image URLs found in 画像1〜3.,OOIV18236AT,,
238,warning,image_missing,No source image URLs found in 画像1〜3.,HYIV18237AT,,
239,warning,image_missing,No source image URLs found in 画像1〜3.,OOIV18238AT,,
240,warning,image_missing,No source image URLs found in 画像1〜3.,OOPM18239AT,,
241,warning,image_missing,No source image URLs found in 画像1〜3.,SAMX18240AT,,
242,warning,image_missing,No source image URLs found in 画像1〜3.,MDHZMD241AT,,
243,warning,image_missing,No source image URLs found in 画像1〜3.,MDHZMD242AT,,
244,warning,image_missing,No source image URLs found in 画像1〜3.,MDHZMD243AT,,
245,warning,image_missing,No source image URLs found in 画像1〜3.,MDHZMD244AT,,
246,warning,image_missing,No source image URLs found in 画像1〜3.,MDHZMD245AT,,
247,warning,image_missing,No source image URLs found in 画像1〜3.,MDHZMD246AT,,
248,warning,image_missing,No source image URLs found in 画像1〜3.,MDHZMD247AT,,
249,warning,image_missing,No source image URLs found in 画像1〜3.,MDHZMD248AT,,
250,warning,image_missing,No source image URLs found in 画像1〜3.,MDHZMD249AT,,
251,warning,image_missing,No source image URLs found in 画像1〜3.,SANT18250LG,,
252,warning,image_missing,No source image URLs found in 画像1〜3.,HYCY16251AB,,
253,warning,image_missing,No source image URLs found in 画像1〜3.,HYIV18252AT,,
254,warning,image_missing,No source image URLs found in 画像1〜3.,HYIV18253AT,,
255,warning,image_missing,No source image URLs found in 画像1〜3.,HYIV18254AT,,
256,warning,image_missing,No source image URLs found in 画像1〜3.,HYIV18255AT,,
257,warning,image_missing,No source image URLs found in 画像1〜3.,HYIV18256AT,,
258,warning,image_missing,No source image URLs found in 画像1〜3.,HYCY19257AT,,
259,warning,image_missing,No source image URLs found in 画像1〜3.,HYSI19258AT,,
260,warning,image_missing,No source image URLs found in 画像1〜3.,HYBL18259AT,,
261,warning,image_missing,No source image URLs found in 画像1〜3.,OONT19260AT,,
262,warning,image_missing,No source image URLs found in 画像1〜3.,OONT19261AT,,
263,warning,image_missing,No source image URLs found in 画像1〜3.,OOPR19262AT,,
264,warning,image_missing,No source image URLs found in 画像1〜3.,OOCY19263AT,,
265,warning,image_missing,No source image URLs found in 画像1〜3.,OONT19264AT,,
266,warning,image_missing,No source image URLs found in 画像1〜3.,OONT19265AT,,
267,warning,image_missing,No source image URLs found in 画像1〜3.,OOCY19266AT,,
268,warning,image_missing,No source image URLs found in 画像1〜3.,OOIV19267AT,,
269,warning,image_missing,No source image URLs found in 画像1〜3.,OOIV19268AT,,
270,warning,image_missing,No source image URLs found in 画像1〜3.,OOIV19269AT,,
271,warning,image_missing,No source image URLs found in 画像1〜3.,OOMX19270AT,,
272,warning,image_missing,No source image URLs found in 画像1〜3.,OOMX19271AT,,
273,warning,image_missing,No source image URLs found in 画像1〜3.,OOMX19272AT,,
274,warning,image_missing,No source image URLs found in 画像1〜3.,OOMX19273AT,,
275,warning,image_missing,No source image URLs found in 画像1〜3.,HYMX19274AT,,
276,warning,image_missing,No source image URLs found in 画像1〜3.,OOZV19275AT,,
277,warning,image_missing,No source image URLs found in 画像1〜3.,OOZV19276AT,,
278,warning,image_missing,No source image URLs found in 画像1〜3.,OOZV19277AT,,
279,warning,image_missing,No source image URLs found in 画像1〜3.,OOZV19278AT,,
280,warning,image_missing,No source image URLs found in 画像1〜3.,OOZV19279AT,,
281,warning,image_missing,No source image URLs found in 画像1〜3.,OOZV19280AT,,
282,warning,image_missing,No source image URLs found in 画像1〜3.,OOZV19281AT,,
283,warning,image_missing,No source image URLs found in 画像1〜3.,OOZV19282AT,,
284,warning,image_missing,No source image URLs found in 画像1〜3.,SAMX19283AT,,
285,warning,image_missing,No source image URLs found in 画像1〜3.,OOLF19284AT,,
285,warning,sd_product_code_validation,"Maker legacy code LF is shared by ['LAFITNESS', 'LIFE_FITNESS'].",OOLF19284AT,,
286,warning,image_missing,No source image URLs found in 画像1〜3.,OOTG19285AT,,
287,warning,image_missing,No source image URLs found in 画像1〜3.,OOTG19286AT,,
288,warning,image_missing,No source image URLs found in 画像1〜3.,HYHS19287AT,,
288,warning,sd_product_code_validation,"Maker legacy code HS is shared by ['HAMMER_STRENGTH', 'HS'].",HYHS19287AT,,
289,warning,image_missing,No source image URLs found in 画像1〜3.,OOFL19288AT,,
290,warning,image_missing,No source image URLs found in 画像1〜3.,OOCY19289AT,,
291,warning,image_missing,No source image URLs found in 画像1〜3.,SATG19290AT,,
292,warning,image_missing,No source image URLs found in 画像1〜3.,SASN19291AT,,
293,warning,image_missing,No source image URLs found in 画像1〜3.,SANT19292AT,,
294,warning,image_missing,No source image URLs found in 画像1〜3.,SAPR19293AT,,
295,warning,image_missing,No source image URLs found in 画像1〜3.,SANT19294AT,,
296,warning,image_missing,No source image URLs found in 画像1〜3.,SANT19295AT,,
297,warning,image_missing,No source image URLs found in 画像1〜3.,OOMX19296AT,,
298,warning,image_missing,No source image URLs found in 画像1〜3.,OOMX19297AT,,
299,warning,image_missing,No source image URLs found in 画像1〜3.,SAMX19298AT,,
300,warning,image_missing,No source image URLs found in 画像1〜3.,OOLF19299AT,,
300,warning,sd_product_code_validation,"Maker legacy code LF is shared by ['LAFITNESS', 'LIFE_FITNESS'].",OOLF19299AT,,
301,warning,image_missing,No source image URLs found in 画像1〜3.,SATR19300AT,,
302,warning,image_missing,No source image URLs found in 画像1〜3.,SANT19301AT,,
303,warning,image_missing,No source image URLs found in 画像1〜3.,OOTG19302AT,,
304,warning,image_missing,No source image URLs found in 画像1〜3.,OONT19303AT,,
305,warning,image_missing,No source image URLs found in 画像1〜3.,OOTC19304AT,,
306,warning,image_missing,No source image URLs found in 画像1〜3.,OOCY19305AT,,
307,warning,image_missing,No source image URLs found in 画像1〜3.,OOCY19306AT,,
308,warning,image_missing,No source image URLs found in 画像1〜3.,OOCY19307AT,,
309,warning,image_missing,No source image URLs found in 画像1〜3.,OOSN19308AT,,
310,warning,image_missing,No source image URLs found in 画像1〜3.,OOHS19309AT,,
310,warning,sd_product_code_validation,"Maker legacy code HS is shared by ['HAMMER_STRENGTH', 'HS'].",OOHS19309AT,,
311,warning,image_missing,No source image URLs found in 画像1〜3.,OOHS19310AT,,
311,warning,sd_product_code_validation,"Maker legacy code HS is shared by ['HAMMER_STRENGTH', 'HS'].",OOHS19310AT,,
312,warning,image_missing,No source image URLs found in 画像1〜3.,OOLF19311AT,,
312,warning,sd_product_code_validation,"Maker legacy code LF is shared by ['LAFITNESS', 'LIFE_FITNESS'].",OOLF19311AT,,
313,warning,image_missing,No source image URLs found in 画像1〜3.,OONT19312AT,,
314,warning,image_missing,No source image URLs found in 画像1〜3.,OOIV19313AT,,
315,warning,image_missing,No source image URLs found in 画像1〜3.,OOZV19314AT,,
316,warning,image_missing,No source image URLs found in 画像1〜3.,OOMX19315AT,,
317,warning,image_missing,No source image URLs found in 画像1〜3.,OOSN19316AT,,
318,warning,image_missing,No source image URLs found in 画像1〜3.,HYPR19317AT,,
319,warning,image_missing,No source image URLs found in 画像1〜3.,OOPR19318AT,,
320,warning,image_missing,No source image URLs found in 画像1〜3.,HYNT16319AT,,
321,warning,maker_unregistered,maker is empty.,ATOTAT320AT,maker,
321,warning,store_unregistered,store is empty.,ATOTAT320AT,store,
321,warning,category_unregistered,category is empty.,ATOTAT320AT,category,
321,warning,image_missing,No source image URLs found in 画像1〜3.,ATOTAT320AT,,
321,warning,sd_product_code_validation,"Legacy purchase year code AT is accepted for existing data. | Maker legacy code OT is shared by ['OLYMPIC', 'OTHER'].",ATOTAT320AT,,
322,warning,image_missing,No source image URLs found in 画像1〜3.,OOBL19321AT,,
323,warning,image_missing,No source image URLs found in 画像1〜3.,OOCY19322AT,,
324,warning,image_missing,No source image URLs found in 画像1〜3.,OOCY19323AT,,
325,warning,image_missing,No source image URLs found in 画像1〜3.,OOBM19324AT,,
325,warning,sd_product_code_validation,"Maker legacy code BM is shared by ['BODY_MAKER', 'BODY_MASTERS'].",OOBM19324AT,,
326,warning,image_missing,No source image URLs found in 画像1〜3.,OOIC19325AT,,
327,warning,image_missing,No source image URLs found in 画像1〜3.,OOCP19326AT,,
328,warning,image_missing,No source image URLs found in 画像1〜3.,OOSN19327AT,,
329,warning,image_missing,No source image URLs found in 画像1〜3.,OONT19328AT,,
330,warning,image_missing,No source image URLs found in 画像1〜3.,SANB19329AT,,
331,warning,image_missing,No source image URLs found in 画像1〜3.,SAUV19330AT,,
332,warning,image_missing,No source image URLs found in 画像1〜3.,SANT19331AT,,
333,warning,image_missing,No source image URLs found in 画像1〜3.,SANT19332AT,,
334,warning,image_missing,No source image URLs found in 画像1〜3.,SANT19333AT,,
335,warning,image_missing,No source image URLs found in 画像1〜3.,SANT19334AT,,
336,warning,image_missing,No source image URLs found in 画像1〜3.,OOMG19335AT,,
337,warning,image_missing,No source image URLs found in 画像1〜3.,OOFL19336AT,,
338,warning,image_missing,No source image URLs found in 画像1〜3.,HYCY19337AT,,
339,warning,image_missing,No source image URLs found in 画像1〜3.,OOCY19338AT,,
340,warning,image_missing,No source image URLs found in 画像1〜3.,HYCY19339AT,,
341,warning,image_missing,No source image URLs found in 画像1〜3.,OOLF19340AT,,
341,warning,sd_product_code_validation,"Maker legacy code LF is shared by ['LAFITNESS', 'LIFE_FITNESS'].",OOLF19340AT,,
342,warning,image_missing,No source image URLs found in 画像1〜3.,OOLF19341AT,,
342,warning,sd_product_code_validation,"Maker legacy code LF is shared by ['LAFITNESS', 'LIFE_FITNESS'].",OOLF19341AT,,
343,warning,image_missing,No source image URLs found in 画像1〜3.,OOLF19342AT,,
343,warning,sd_product_code_validation,"Maker legacy code LF is shared by ['LAFITNESS', 'LIFE_FITNESS'].",OOLF19342AT,,
344,warning,image_missing,No source image URLs found in 画像1〜3.,OOLF19343AT,,
344,warning,sd_product_code_validation,"Maker legacy code LF is shared by ['LAFITNESS', 'LIFE_FITNESS'].",OOLF19343AT,,
345,warning,image_missing,No source image URLs found in 画像1〜3.,OOUS19344AT,,
345,warning,sd_product_code_validation,Legacy maker code US is accepted for expected UE.,OOUS19344AT,,
346,warning,image_missing,No source image URLs found in 画像1〜3.,HYIV19345AT,,
347,warning,image_missing,No source image URLs found in 画像1〜3.,OOMX19346AT,,
348,warning,image_missing,No source image URLs found in 画像1〜3.,SACY19347AT,,
349,warning,image_missing,No source image URLs found in 画像1〜3.,SACY19348AT,,
350,warning,image_missing,No source image URLs found in 画像1〜3.,SACY19349AT,,
351,warning,image_missing,No source image URLs found in 画像1〜3.,SAMX19350AT,,
352,warning,image_missing,No source image URLs found in 画像1〜3.,SAMX19351AT,,
353,warning,image_missing,No source image URLs found in 画像1〜3.,MIpt19352AT,,
354,warning,image_missing,No source image URLs found in 画像1〜3.,MDHZMD353AT,,
355,warning,image_missing,No source image URLs found in 画像1〜3.,MDHZMD354AT,,
356,warning,image_missing,No source image URLs found in 画像1〜3.,SAMX19355AT,,
357,warning,image_missing,No source image URLs found in 画像1〜3.,OOLF19356AT,,
357,warning,sd_product_code_validation,"Maker legacy code LF is shared by ['LAFITNESS', 'LIFE_FITNESS'].",OOLF19356AT,,
358,warning,image_missing,No source image URLs found in 画像1〜3.,SANBAT357AT,,
358,warning,sd_product_code_validation,Legacy purchase year code AT is accepted for existing data.,SANBAT357AT,,
359,warning,image_missing,No source image URLs found in 画像1〜3.,SANBAT358AT,,
359,warning,sd_product_code_validation,Legacy purchase year code AT is accepted for existing data.,SANBAT358AT,,
360,warning,image_missing,No source image URLs found in 画像1〜3.,SATCAT359AT,,
360,warning,sd_product_code_validation,Legacy purchase year code AT is accepted for existing data.,SATCAT359AT,,
361,warning,image_missing,No source image URLs found in 画像1〜3.,SANBAT360AT,,
361,warning,sd_product_code_validation,Legacy purchase year code AT is accepted for existing data.,SANBAT360AT,,
362,warning,image_missing,No source image URLs found in 画像1〜3.,SASNAT361AT,,
362,warning,sd_product_code_validation,Legacy purchase year code AT is accepted for existing data.,SASNAT361AT,,
363,warning,image_missing,No source image URLs found in 画像1〜3.,OOCYAT362AT,,
363,warning,sd_product_code_validation,Legacy purchase year code AT is accepted for existing data.,OOCYAT362AT,,
364,warning,image_missing,No source image URLs found in 画像1〜3.,OOPMAT363AT,,
364,warning,sd_product_code_validation,Legacy purchase year code AT is accepted for existing data.,OOPMAT363AT,,
365,warning,image_missing,No source image URLs found in 画像1〜3.,OOLFAT364AT,,
365,warning,sd_product_code_validation,"Legacy purchase year code AT is accepted for existing data. | Maker legacy code LF is shared by ['LAFITNESS', 'LIFE_FITNESS'].",OOLFAT364AT,,
366,warning,image_missing,No source image URLs found in 画像1〜3.,OOMXAT365AT,,
366,warning,sd_product_code_validation,Legacy purchase year code AT is accepted for existing data.,OOMXAT365AT,,
367,warning,image_missing,No source image URLs found in 画像1〜3.,OOMXAT366AT,,
367,warning,sd_product_code_validation,Legacy purchase year code AT is accepted for existing data.,OOMXAT366AT,,
368,warning,image_missing,No source image URLs found in 画像1〜3.,SAELAT367AT,,
368,warning,sd_product_code_validation,Legacy purchase year code AT is accepted for existing data.,SAELAT367AT,,
369,warning,image_missing,No source image URLs found in 画像1〜3.,SAELAT368AT,,
369,warning,sd_product_code_validation,Legacy purchase year code AT is accepted for existing data.,SAELAT368AT,,
370,warning,image_missing,No source image URLs found in 画像1〜3.,SANBAT369AT,,
370,warning,sd_product_code_validation,Legacy purchase year code AT is accepted for existing data.,SANBAT369AT,,
371,warning,image_missing,No source image URLs found in 画像1〜3.,OOKS19370AT,,
372,warning,image_missing,No source image URLs found in 画像1〜3.,HYTS19371AT,,
373,warning,image_missing,No source image URLs found in 画像1〜3.,SAPR19372AT,,
374,warning,image_missing,No source image URLs found in 画像1〜3.,SAKS19373AT,,
375,warning,image_missing,No source image URLs found in 画像1〜3.,OOIV19374AT,,
376,warning,image_missing,No source image URLs found in 画像1〜3.,OOIV19375AT,,
377,warning,image_missing,No source image URLs found in 画像1〜3.,MINT19376AT,,
378,warning,image_missing,No source image URLs found in 画像1〜3.,MIBm19377AT,,
378,warning,sd_product_code_validation,"Maker legacy code BM is shared by ['BODY_MAKER', 'BODY_MASTERS'].",MIBm19377AT,,
379,warning,image_missing,No source image URLs found in 画像1〜3.,SABS19378AT,,
380,warning,image_missing,No source image URLs found in 画像1〜3.,SACY19379AT,,
381,warning,image_missing,No source image URLs found in 画像1〜3.,SAMX19380AT,,
382,warning,image_missing,No source image URLs found in 画像1〜3.,SAKS19381AT,,
383,warning,image_missing,No source image URLs found in 画像1〜3.,SACY19382AT,,
384,warning,image_missing,No source image URLs found in 画像1〜3.,SABS19383AT,,
385,warning,image_missing,No source image URLs found in 画像1〜3.,SAKS19384AT,,
386,warning,image_missing,No source image URLs found in 画像1〜3.,SANB19385AT,,
387,warning,image_missing,No source image URLs found in 画像1〜3.,SATG19386AT,,
388,warning,image_missing,No source image URLs found in 画像1〜3.,OOMX19387AT,,
389,warning,image_missing,No source image URLs found in 画像1〜3.,OOZV19388AT,,
390,warning,image_missing,No source image URLs found in 画像1〜3.,OOZV19389AT,,
391,warning,image_missing,No source image URLs found in 画像1〜3.,OOZV19390AT,,
392,warning,image_missing,No source image URLs found in 画像1〜3.,OOZV19391AT,,
393,warning,image_missing,No source image URLs found in 画像1〜3.,OOZV19392AT,,
394,warning,image_missing,No source image URLs found in 画像1〜3.,OOZV19393AT,,
395,warning,image_missing,No source image URLs found in 画像1〜3.,OOZV19394AT,,
396,warning,image_missing,No source image URLs found in 画像1〜3.,OOZV19395AT,,
397,warning,image_missing,No source image URLs found in 画像1〜3.,OOZV19396AT,,
398,warning,image_missing,No source image URLs found in 画像1〜3.,OOZV19397AT,,
399,warning,image_missing,No source image URLs found in 画像1〜3.,OOZV19398AT,,
400,warning,image_missing,No source image URLs found in 画像1〜3.,OOZV19399AT,,
401,warning,image_missing,No source image URLs found in 画像1〜3.,OOZV19400AT,,
402,warning,image_missing,No source image URLs found in 画像1〜3.,OOZV19401AT,,
403,warning,image_missing,No source image URLs found in 画像1〜3.,OOZV19402AT,,
404,warning,image_missing,No source image URLs found in 画像1〜3.,OOZV19403AT,,
405,warning,image_missing,No source image URLs found in 画像1〜3.,OOZV19404AT,,
406,warning,image_missing,No source image URLs found in 画像1〜3.,OOZV19405AT,,
407,warning,image_missing,No source image URLs found in 画像1〜3.,OOZV19406AT,,
408,warning,image_missing,No source image URLs found in 画像1〜3.,OOZV19407AT,,
409,warning,image_missing,No source image URLs found in 画像1〜3.,OOZV19408AT,,
410,warning,image_missing,No source image URLs found in 画像1〜3.,OOZV19409AT,,
411,warning,image_missing,No source image URLs found in 画像1〜3.,OOZV19410AT,,
412,warning,image_missing,No source image URLs found in 画像1〜3.,OOZV19411AT,,
413,warning,image_missing,No source image URLs found in 画像1〜3.,OOZV19412AT,,
414,warning,image_missing,No source image URLs found in 画像1〜3.,OOZV19413AT,,
415,warning,image_missing,No source image URLs found in 画像1〜3.,OOZV19414AT,,
416,warning,image_missing,No source image URLs found in 画像1〜3.,OOZV19415AT,,
417,warning,image_missing,No source image URLs found in 画像1〜3.,OOZV19416AT,,
418,warning,image_missing,No source image URLs found in 画像1〜3.,OOZV19417AT,,
419,warning,image_missing,No source image URLs found in 画像1〜3.,OOZV19418AT,,
420,warning,image_missing,No source image URLs found in 画像1〜3.,OOZV19419AT,,
421,warning,image_missing,No source image URLs found in 画像1〜3.,OOZV19420AT,,
422,warning,category_unregistered,category is empty.,OOZV19421AT,category,
422,warning,image_missing,No source image URLs found in 画像1〜3.,OOZV19421AT,,
423,warning,image_missing,No source image URLs found in 画像1〜3.,OOHZ19422AT,,
424,warning,image_missing,No source image URLs found in 画像1〜3.,OOHZ19423AT,,
425,warning,image_missing,No source image URLs found in 画像1〜3.,OOHZ19424AT,,
426,warning,image_missing,No source image URLs found in 画像1〜3.,OOHZ19425AT,,
427,warning,image_missing,No source image URLs found in 画像1〜3.,OOHZ19426AT,,
428,warning,image_missing,No source image URLs found in 画像1〜3.,OOHZ19427AT,,
429,warning,image_missing,No source image URLs found in 画像1〜3.,OOHZ19428AT,,
430,warning,image_missing,No source image URLs found in 画像1〜3.,OOHZ19429AT,,
431,warning,image_missing,No source image URLs found in 画像1〜3.,OOHZ19430AT,,
432,warning,image_missing,No source image URLs found in 画像1〜3.,OOHZ19431AT,,
433,warning,image_missing,No source image URLs found in 画像1〜3.,OOHZ19432AT,,
434,warning,image_missing,No source image URLs found in 画像1〜3.,OOHZ19433AT,,
435,warning,image_missing,No source image URLs found in 画像1〜3.,OOHZ19434AT,,
436,warning,image_missing,No source image URLs found in 画像1〜3.,OOHZ19435AT,,
437,warning,image_missing,No source image URLs found in 画像1〜3.,HYAL20436AT,,
438,warning,image_missing,No source image URLs found in 画像1〜3.,SAAL19437AT,,
439,warning,image_missing,No source image URLs found in 画像1〜3.,SACY19438AT,,
440,warning,image_missing,No source image URLs found in 画像1〜3.,SAUV19439AT,,
441,warning,image_missing,No source image URLs found in 画像1〜3.,SAKS19440AT,,
442,warning,image_missing,No source image URLs found in 画像1〜3.,SANP19441AT,,
443,warning,image_missing,No source image URLs found in 画像1〜3.,SABm19442AT,,
443,warning,sd_product_code_validation,"Maker legacy code BM is shared by ['BODY_MAKER', 'BODY_MASTERS'].",SABm19442AT,,
444,warning,image_missing,No source image URLs found in 画像1〜3.,SAMC19443AT,,
444,warning,sd_product_code_validation,"Maker legacy code MC is shared by ['MAXICAM', 'MUSCLE_CLAMP'].",SAMC19443AT,,
445,warning,image_missing,No source image URLs found in 画像1〜3.,SAKS19444AT,,
446,warning,image_missing,No source image URLs found in 画像1〜3.,SAIT19445AT,,
447,warning,image_missing,No source image URLs found in 画像1〜3.,SALF19446AT,,
447,warning,sd_product_code_validation,"Maker legacy code LF is shared by ['LAFITNESS', 'LIFE_FITNESS'].",SALF19446AT,,
448,warning,image_missing,No source image URLs found in 画像1〜3.,SALF19447AT,,
448,warning,sd_product_code_validation,"Maker legacy code LF is shared by ['LAFITNESS', 'LIFE_FITNESS'].",SALF19447AT,,
449,warning,image_missing,No source image URLs found in 画像1〜3.,HYLF19448AT,,
449,warning,sd_product_code_validation,"Maker legacy code LF is shared by ['LAFITNESS', 'LIFE_FITNESS'].",HYLF19448AT,,
450,warning,image_missing,No source image URLs found in 画像1〜3.,HYHS19449AT,,
450,warning,sd_product_code_validation,"Maker legacy code HS is shared by ['HAMMER_STRENGTH', 'HS'].",HYHS19449AT,,
451,warning,image_missing,No source image URLs found in 画像1〜3.,HYCY19450AT,,
452,warning,image_missing,No source image URLs found in 画像1〜3.,HYCY19451AT,,
453,warning,image_missing,No source image URLs found in 画像1〜3.,HYCY19452AT,,
454,warning,image_missing,No source image URLs found in 画像1〜3.,SAIT20453AT,,
455,warning,image_missing,No source image URLs found in 画像1〜3.,HYBm20454AT,,
455,warning,sd_product_code_validation,"Maker legacy code BM is shared by ['BODY_MAKER', 'BODY_MASTERS'].",HYBm20454AT,,
456,warning,image_missing,No source image URLs found in 画像1〜3.,HYMG20455AT,,
457,warning,image_missing,No source image URLs found in 画像1〜3.,HYMG20456AT,,
458,warning,image_missing,No source image URLs found in 画像1〜3.,HYMG20457AT,,
459,warning,image_missing,No source image URLs found in 画像1〜3.,HYNT20458AT,,
460,warning,image_missing,No source image URLs found in 画像1〜3.,HYNT20459AT,,
461,warning,image_missing,No source image URLs found in 画像1〜3.,HYNT20460AT,,
462,warning,image_missing,No source image URLs found in 画像1〜3.,HYNB20461AT,,
463,warning,image_missing,No source image URLs found in 画像1〜3.,HYSD20462AT,,
464,warning,image_missing,No source image URLs found in 画像1〜3.,HYMX20463AT,,
465,warning,image_missing,No source image URLs found in 画像1〜3.,HYPR20464AT,,
466,warning,image_missing,No source image URLs found in 画像1〜3.,MITC20465AT,,
467,warning,image_missing,No source image URLs found in 画像1〜3.,HYAL20466AT,,
468,warning,image_missing,No source image URLs found in 画像1〜3.,MINB20467AT,,
469,warning,image_missing,No source image URLs found in 画像1〜3.,SANB20468AT,,
470,warning,image_missing,No source image URLs found in 画像1〜3.,SANB20469AT,,
471,warning,image_missing,No source image URLs found in 画像1〜3.,SANB20470AT,,
472,warning,image_missing,No source image URLs found in 画像1〜3.,SASN20471AT,,
473,warning,image_missing,No source image URLs found in 画像1〜3.,SATS20472AT,,
474,warning,image_missing,No source image URLs found in 画像1〜3.,SAUS20473AT,,
474,warning,sd_product_code_validation,Legacy maker code US is accepted for expected UE.,SAUS20473AT,,
475,warning,image_missing,No source image URLs found in 画像1〜3.,SANB20474AT,,
476,warning,image_missing,No source image URLs found in 画像1〜3.,SANB20475AT,,
477,warning,image_missing,No source image URLs found in 画像1〜3.,SANB20476AT,,
478,warning,image_missing,No source image URLs found in 画像1〜3.,SANB20477AT,,
479,warning,image_missing,No source image URLs found in 画像1〜3.,SANB20478AT,,
480,warning,image_missing,No source image URLs found in 画像1〜3.,SANB20479AT,,
481,warning,image_missing,No source image URLs found in 画像1〜3.,SANB20480AT,,
482,warning,image_missing,No source image URLs found in 画像1〜3.,SANB20481AT,,
483,warning,image_missing,No source image URLs found in 画像1〜3.,SATS20482AT,,
484,warning,image_missing,No source image URLs found in 画像1〜3.,SAPB20483AT,,
484,warning,sd_product_code_validation,"Maker legacy code PB is shared by ['PB', 'POWER_BLOCK'].",SAPB20483AT,,
485,warning,image_missing,No source image URLs found in 画像1〜3.,SApt20484AT,,
486,warning,image_missing,No source image URLs found in 画像1〜3.,HYUS20485AT,,
486,warning,sd_product_code_validation,Legacy maker code US is accepted for expected UE.,HYUS20485AT,,
487,warning,image_missing,No source image URLs found in 画像1〜3.,HYUS20486AT,,
487,warning,sd_product_code_validation,Legacy maker code US is accepted for expected UE.,HYUS20486AT,,
488,warning,image_missing,No source image URLs found in 画像1〜3.,HYUS20487AT,,
488,warning,sd_product_code_validation,Legacy maker code US is accepted for expected UE.,HYUS20487AT,,
489,warning,image_missing,No source image URLs found in 画像1〜3.,HYEL15488AT,,
490,warning,image_missing,No source image URLs found in 画像1〜3.,HYCY19489AT,,
491,warning,image_missing,No source image URLs found in 画像1〜3.,HYNT20490AT,,
492,warning,image_missing,No source image URLs found in 画像1〜3.,HYHZ18491AT,,
493,warning,image_missing,No source image URLs found in 画像1〜3.,HYNS20492AT,,
494,warning,image_missing,No source image URLs found in 画像1〜3.,HYNB20493AT,,
495,warning,image_missing,No source image URLs found in 画像1〜3.,SAIV20494AT,,
496,warning,image_missing,No source image URLs found in 画像1〜3.,SAIV20495AT,,
497,warning,image_missing,No source image URLs found in 画像1〜3.,SAIV20496AT,,
498,warning,image_missing,No source image URLs found in 画像1〜3.,SAIV20497AT,,
499,warning,image_missing,No source image URLs found in 画像1〜3.,SASN20498AT,,
500,warning,image_missing,No source image URLs found in 画像1〜3.,SASN20499AT,,
501,warning,image_missing,No source image URLs found in 画像1〜3.,HYTG20500AT,,
502,warning,image_missing,No source image URLs found in 画像1〜3.,HYTG20501AT,,
503,warning,image_url_suspicious,画像1 is not a URL and was excluded from source_image_urls_json.,HYTG20502AT,image,池田
503,warning,image_missing,No source image URLs found in 画像1〜3.,HYTG20502AT,,
504,warning,image_missing,No source image URLs found in 画像1〜3.,HYTG20503AT,,
505,warning,image_missing,No source image URLs found in 画像1〜3.,HYMC20504AT,,
505,warning,sd_product_code_validation,"Maker legacy code MC is shared by ['MAXICAM', 'MUSCLE_CLAMP'].",HYMC20504AT,,
506,warning,image_missing,No source image URLs found in 画像1〜3.,HYMC20505AT,,
506,warning,sd_product_code_validation,"Maker legacy code MC is shared by ['MAXICAM', 'MUSCLE_CLAMP'].",HYMC20505AT,,
507,warning,image_missing,No source image URLs found in 画像1〜3.,HYNB20506AT,,
508,warning,image_missing,No source image URLs found in 画像1〜3.,HYFL20507AT,,
509,warning,image_missing,No source image URLs found in 画像1〜3.,HYMC20508AT,,
509,warning,sd_product_code_validation,"Maker legacy code MC is shared by ['MAXICAM', 'MUSCLE_CLAMP'].",HYMC20508AT,,
510,warning,image_missing,No source image URLs found in 画像1〜3.,HYTS20509AT,,
511,warning,image_missing,No source image URLs found in 画像1〜3.,HYIV20510AT,,
512,warning,image_missing,No source image URLs found in 画像1〜3.,HYIV20511AT,,
513,warning,image_missing,No source image URLs found in 画像1〜3.,HYMC20512AT,,
513,warning,sd_product_code_validation,"Maker legacy code MC is shared by ['MAXICAM', 'MUSCLE_CLAMP'].",HYMC20512AT,,
514,warning,image_missing,No source image URLs found in 画像1〜3.,HYIV20513AT,,
515,warning,image_missing,No source image URLs found in 画像1〜3.,HYCY20514AT,,
516,warning,image_missing,No source image URLs found in 画像1〜3.,MDHZ20515AT,,
517,warning,image_missing,No source image URLs found in 画像1〜3.,HYIV20516AT,,
518,warning,image_missing,No source image URLs found in 画像1〜3.,HYIV20517AT,,
519,warning,image_missing,No source image URLs found in 画像1〜3.,HYIV20518AT,,
520,warning,image_missing,No source image URLs found in 画像1〜3.,HYIV20519AT,,
521,warning,image_missing,No source image URLs found in 画像1〜3.,HYIV20520AT,,
522,warning,image_missing,No source image URLs found in 画像1〜3.,HYIV20521AT,,
523,warning,image_missing,No source image URLs found in 画像1〜3.,HYIV20522AT,,
524,warning,image_missing,No source image URLs found in 画像1〜3.,SATG20523AT,,
525,warning,image_missing,No source image URLs found in 画像1〜3.,SANB20524AT,,
526,warning,image_missing,No source image URLs found in 画像1〜3.,SAMG20525AT,,
527,warning,image_missing,No source image URLs found in 画像1〜3.,SABS20526AT,,
528,warning,image_missing,No source image URLs found in 画像1〜3.,SABS20527AT,,
529,warning,image_missing,No source image URLs found in 画像1〜3.,HYBL20528AT,,
530,warning,image_missing,No source image URLs found in 画像1〜3.,MDHZ20529AT,,
531,warning,image_missing,No source image URLs found in 画像1〜3.,HYBL20530AT,,
532,warning,image_missing,No source image URLs found in 画像1〜3.,HYBL20531AT,,
533,warning,image_missing,No source image URLs found in 画像1〜3.,HYBL20532AT,,
534,warning,image_missing,No source image URLs found in 画像1〜3.,HYBL20533AT,,
535,warning,image_missing,No source image URLs found in 画像1〜3.,HYBL20534AT,,
536,warning,image_missing,No source image URLs found in 画像1〜3.,HYBL20535AT,,
537,warning,image_missing,No source image URLs found in 画像1〜3.,HYZV20536AT,,
538,warning,image_missing,No source image URLs found in 画像1〜3.,HYZV20537AT,,
539,warning,image_missing,No source image URLs found in 画像1〜3.,HYZV20538AT,,
540,warning,image_missing,No source image URLs found in 画像1〜3.,HYZV20539AT,,
541,warning,image_missing,No source image URLs found in 画像1〜3.,HYZV20540AT,,
542,warning,image_missing,No source image URLs found in 画像1〜3.,HYIV20541AT,,
543,warning,image_missing,No source image URLs found in 画像1〜3.,HYBL20542AT,,
544,warning,image_missing,No source image URLs found in 画像1〜3.,HYBL20543AT,,
545,warning,image_missing,No source image URLs found in 画像1〜3.,HYNT20544AT,,
546,warning,image_missing,No source image URLs found in 画像1〜3.,HYBL20545AT,,
547,warning,image_missing,No source image URLs found in 画像1〜3.,HYLF20546AT,,
547,warning,sd_product_code_validation,"Maker legacy code LF is shared by ['LAFITNESS', 'LIFE_FITNESS'].",HYLF20546AT,,
548,warning,image_missing,No source image URLs found in 画像1〜3.,SASN20547AT,,
549,warning,image_missing,No source image URLs found in 画像1〜3.,SASN20548AT,,
550,warning,image_missing,No source image URLs found in 画像1〜3.,SANT20549AT,,
551,warning,image_missing,No source image URLs found in 画像1〜3.,SANT20550AT,,
552,warning,store_unregistered,store is not registered: 売却済み.,SANT20551AT,store,売却済み
552,warning,image_missing,No source image URLs found in 画像1〜3.,SANT20551AT,,
553,warning,image_missing,No source image URLs found in 画像1〜3.,SASN20552AT,,
554,warning,image_missing,No source image URLs found in 画像1〜3.,HYTG20553AT,,
555,warning,image_missing,No source image URLs found in 画像1〜3.,HYNT20554AT,,
556,warning,image_missing,No source image URLs found in 画像1〜3.,HYNT20555AT,,
557,warning,image_missing,No source image URLs found in 画像1〜3.,HYNT20556AT,,
558,warning,image_missing,No source image URLs found in 画像1〜3.,HYNT20557AT,,
559,warning,image_missing,No source image URLs found in 画像1〜3.,HYNT20558AT,,
560,warning,image_missing,No source image URLs found in 画像1〜3.,HYBL20559AT,,
561,warning,image_missing,No source image URLs found in 画像1〜3.,HYBL20560AT,,
562,warning,image_missing,No source image URLs found in 画像1〜3.,HYNB20561AT,,
563,warning,image_url_suspicious,画像1 is not a URL and was excluded from source_image_urls_json.,HYNT20562AT,image,栗本
563,warning,image_url_suspicious,画像3 is not a URL and was excluded from source_image_urls_json.,HYNT20562AT,image,見積中
563,warning,image_missing,No source image URLs found in 画像1〜3.,HYNT20562AT,,
564,warning,image_url_suspicious,画像1 is not a URL and was excluded from source_image_urls_json.,HYNT20563AT,image,池田
564,warning,image_missing,No source image URLs found in 画像1〜3.,HYNT20563AT,,
565,warning,image_missing,No source image URLs found in 画像1〜3.,HYNT20564AT,,
566,warning,image_missing,No source image URLs found in 画像1〜3.,HYNT20565AT,,
567,warning,image_missing,No source image URLs found in 画像1〜3.,HYNT20566AT,,
568,warning,image_missing,No source image URLs found in 画像1〜3.,HYNT20567AT,,
569,warning,image_url_suspicious,画像1 is not a URL and was excluded from source_image_urls_json.,HYNT20568AT,image,池田
569,warning,image_missing,No source image URLs found in 画像1〜3.,HYNT20568AT,,
570,warning,image_missing,No source image URLs found in 画像1〜3.,HYNT20569AT,,
571,warning,image_missing,No source image URLs found in 画像1〜3.,HYIV20570AT,,
572,warning,image_missing,No source image URLs found in 画像1〜3.,HYIV20571AT,,
573,warning,image_missing,No source image URLs found in 画像1〜3.,HYNB20572AT,,
574,warning,image_missing,No source image URLs found in 画像1〜3.,HYNB20573AT,,
575,warning,image_missing,No source image URLs found in 画像1〜3.,HYNB20574AT,,
576,warning,image_missing,No source image URLs found in 画像1〜3.,OONB20575AT,,
577,warning,image_missing,No source image URLs found in 画像1〜3.,HYIV20576AT,,
578,warning,image_missing,No source image URLs found in 画像1〜3.,HYBL20577AT,,
579,warning,image_missing,No source image URLs found in 画像1〜3.,HYCY20578AT,,
580,warning,image_missing,No source image URLs found in 画像1〜3.,HYCY20579AT,,
581,warning,image_missing,No source image URLs found in 画像1〜3.,HYCY20580AT,,
582,warning,image_missing,No source image URLs found in 画像1〜3.,HYNB20581AT,,
583,warning,image_missing,No source image URLs found in 画像1〜3.,HYNB20582AT,,
584,warning,image_missing,No source image URLs found in 画像1〜3.,SAKS20583AT,,
585,warning,image_missing,No source image URLs found in 画像1〜3.,SATC20584AT,,
586,warning,image_missing,No source image URLs found in 画像1〜3.,SASN20585AT,,
587,warning,image_missing,No source image URLs found in 画像1〜3.,HYZV20586AT,,
588,warning,image_missing,No source image URLs found in 画像1〜3.,SANB20587AT,,
589,warning,image_missing,No source image URLs found in 画像1〜3.,HYNB20588AT,,
590,warning,image_missing,No source image URLs found in 画像1〜3.,HYNB20589AT,,
591,warning,image_missing,No source image URLs found in 画像1〜3.,HYNB20590AT,,
592,warning,image_missing,No source image URLs found in 画像1〜3.,HYNB20591AT,,
593,warning,image_missing,No source image URLs found in 画像1〜3.,HYGL20592AT,,
594,warning,image_missing,No source image URLs found in 画像1〜3.,HYNB20593AT,,
595,warning,image_missing,No source image URLs found in 画像1〜3.,HYNB20594AT,,
596,warning,image_missing,No source image URLs found in 画像1〜3.,HYNB20595AT,,
597,warning,image_missing,No source image URLs found in 画像1〜3.,HYTR20596AT,,
598,warning,image_missing,No source image URLs found in 画像1〜3.,SAIT20597AT,,
599,warning,image_missing,No source image URLs found in 画像1〜3.,SABF20598AT,,
600,warning,image_missing,No source image URLs found in 画像1〜3.,SALF20599AT,,
600,warning,sd_product_code_validation,"Maker legacy code LF is shared by ['LAFITNESS', 'LIFE_FITNESS'].",SALF20599AT,,
601,warning,image_missing,No source image URLs found in 画像1〜3.,SALF20600AT,,
601,warning,sd_product_code_validation,"Maker legacy code LF is shared by ['LAFITNESS', 'LIFE_FITNESS'].",SALF20600AT,,
602,warning,image_missing,No source image URLs found in 画像1〜3.,SACY20601AT,,
603,warning,image_missing,No source image URLs found in 画像1〜3.,SAIV20602AT,,
604,warning,image_missing,No source image URLs found in 画像1〜3.,SANB20603AT,,
605,warning,image_missing,No source image URLs found in 画像1〜3.,SANB20604AT,,
606,warning,image_missing,No source image URLs found in 画像1〜3.,SATG20605AT,,
607,warning,image_missing,No source image URLs found in 画像1〜3.,SATC20606AT,,
608,warning,image_missing,No source image URLs found in 画像1〜3.,HYPR20607AT,,
609,warning,image_missing,No source image URLs found in 画像1〜3.,HYPB20608AT,,
609,warning,sd_product_code_validation,"Maker legacy code PB is shared by ['PB', 'POWER_BLOCK'].",HYPB20608AT,,
610,warning,image_missing,No source image URLs found in 画像1〜3.,HYNT20609AT,,
611,warning,image_missing,No source image URLs found in 画像1〜3.,HYCP20610AT,,
612,warning,image_missing,No source image URLs found in 画像1〜3.,SAMX21611AT,,
613,warning,image_missing,No source image URLs found in 画像1〜3.,SANT21612AT,,
614,warning,image_missing,No source image URLs found in 画像1〜3.,MIpt21613AT,,
615,warning,image_missing,No source image URLs found in 画像1〜3.,MIpt21614AT,,
616,warning,image_missing,No source image URLs found in 画像1〜3.,HYNB21615AT,,
617,warning,image_missing,No source image URLs found in 画像1〜3.,HYHZ21616AT,,
618,warning,image_missing,No source image URLs found in 画像1〜3.,HYOT21617AT,,
618,warning,sd_product_code_validation,"Maker legacy code OT is shared by ['OLYMPIC', 'OTHER'].",HYOT21617AT,,
619,warning,image_missing,No source image URLs found in 画像1〜3.,MIYY21618AT,,
620,warning,image_missing,No source image URLs found in 画像1〜3.,MIYY21619AT,,
621,warning,image_missing,No source image URLs found in 画像1〜3.,HYSN21620AT,,
622,warning,image_missing,No source image URLs found in 画像1〜3.,SAMG21621AT,,
623,warning,image_missing,No source image URLs found in 画像1〜3.,SATR21622AT,,
624,warning,image_missing,No source image URLs found in 画像1〜3.,SACY21623AT,,
625,warning,image_missing,No source image URLs found in 画像1〜3.,SACY21624AT,,
626,warning,image_missing,No source image URLs found in 画像1〜3.,SAKS21625AT,,
627,warning,image_missing,No source image URLs found in 画像1〜3.,SAKS21626AT,,
628,warning,image_missing,No source image URLs found in 画像1〜3.,MIBL21627AT,,
629,warning,image_missing,No source image URLs found in 画像1〜3.,SAKS21628AT,,
630,warning,image_missing,No source image URLs found in 画像1〜3.,SASN21629AT,,
631,warning,image_missing,No source image URLs found in 画像1〜3.,SAIS21630AT,,
632,warning,image_missing,No source image URLs found in 画像1〜3.,SAZV21631AT,,
633,warning,image_missing,No source image URLs found in 画像1〜3.,SAOT21632AT,,
633,warning,sd_product_code_validation,"Maker legacy code OT is shared by ['OLYMPIC', 'OTHER'].",SAOT21632AT,,
634,warning,image_missing,No source image URLs found in 画像1〜3.,HYNB21633AT,,
635,warning,image_missing,No source image URLs found in 画像1〜3.,HYIV21634AT,,
636,warning,image_missing,No source image URLs found in 画像1〜3.,YANT21635AT,,
637,warning,image_missing,No source image URLs found in 画像1〜3.,MITG21636AT,,
638,warning,image_missing,No source image URLs found in 画像1〜3.,HYHT21637AT,,
639,warning,image_missing,No source image URLs found in 画像1〜3.,MINB21638AT,,
640,warning,image_missing,No source image URLs found in 画像1〜3.,HYNT21639AT,,
641,warning,image_missing,No source image URLs found in 画像1〜3.,MITR21640AT,,
642,warning,image_missing,No source image URLs found in 画像1〜3.,HYHZ21641AT,,
643,warning,image_missing,No source image URLs found in 画像1〜3.,SAMC21642AT,,
643,warning,sd_product_code_validation,"Maker legacy code MC is shared by ['MAXICAM', 'MUSCLE_CLAMP'].",SAMC21642AT,,
644,warning,image_missing,No source image URLs found in 画像1〜3.,SAMC21643AT,,
644,warning,sd_product_code_validation,"Maker legacy code MC is shared by ['MAXICAM', 'MUSCLE_CLAMP'].",SAMC21643AT,,
645,warning,image_missing,No source image URLs found in 画像1〜3.,SAMC21644AT,,
645,warning,sd_product_code_validation,"Maker legacy code MC is shared by ['MAXICAM', 'MUSCLE_CLAMP'].",SAMC21644AT,,
646,warning,image_missing,No source image URLs found in 画像1〜3.,SAMC21645AT,,
646,warning,sd_product_code_validation,"Maker legacy code MC is shared by ['MAXICAM', 'MUSCLE_CLAMP'].",SAMC21645AT,,
647,warning,image_missing,No source image URLs found in 画像1〜3.,SAMC21646AT,,
647,warning,sd_product_code_validation,"Maker legacy code MC is shared by ['MAXICAM', 'MUSCLE_CLAMP'].",SAMC21646AT,,
648,warning,image_missing,No source image URLs found in 画像1〜3.,SAMC21647AT,,
648,warning,sd_product_code_validation,"Maker legacy code MC is shared by ['MAXICAM', 'MUSCLE_CLAMP'].",SAMC21647AT,,
649,warning,image_missing,No source image URLs found in 画像1〜3.,HYCP21648AT,,
650,warning,image_missing,No source image URLs found in 画像1〜3.,HYCY21649AT,,
651,warning,image_missing,No source image URLs found in 画像1〜3.,MINT21650AT,,
652,warning,image_missing,No source image URLs found in 画像1〜3.,SANT21651AT,,
653,warning,image_missing,No source image URLs found in 画像1〜3.,SAHT21652AT,,
654,warning,image_missing,No source image URLs found in 画像1〜3.,HYCP21653AT,,
655,warning,image_missing,No source image URLs found in 画像1〜3.,SASN21654AT,,
656,warning,image_missing,No source image URLs found in 画像1〜3.,HYCY21655AT,,
657,warning,image_missing,No source image URLs found in 画像1〜3.,HYTG21656AT,,
658,warning,image_missing,No source image URLs found in 画像1〜3.,SAIV21657AT,,
659,warning,image_missing,No source image URLs found in 画像1〜3.,SAIP21658AT,,
660,warning,image_missing,No source image URLs found in 画像1〜3.,MIHZ21659AT,,
661,warning,image_missing,No source image URLs found in 画像1〜3.,HYZV21660AT,,
662,warning,image_missing,No source image URLs found in 画像1〜3.,HYIV21661AT,,
663,warning,image_missing,No source image URLs found in 画像1〜3.,HYIV21662AT,,
664,warning,image_missing,No source image URLs found in 画像1〜3.,HYIV21663AT,,
665,warning,image_missing,No source image URLs found in 画像1〜3.,HYSN21664AT,,
666,warning,image_missing,No source image URLs found in 画像1〜3.,HYKT21665AT,,
666,warning,sd_product_code_validation,Legacy maker code KT is accepted for expected KO.,HYKT21665AT,,
667,warning,image_missing,No source image URLs found in 画像1〜3.,HYMG21666AT,,
668,warning,image_missing,No source image URLs found in 画像1〜3.,HYCP21667AT,,
669,warning,image_missing,No source image URLs found in 画像1〜3.,HYIC21668AT,,
670,warning,image_missing,No source image URLs found in 画像1〜3.,HYNT21669AT,,
671,warning,image_missing,No source image URLs found in 画像1〜3.,HYTG21670AT,,
672,warning,image_missing,No source image URLs found in 画像1〜3.,HYTG21671AT,,
673,warning,image_missing,No source image URLs found in 画像1〜3.,HYZV21672AT,,
674,warning,image_missing,No source image URLs found in 画像1〜3.,HYTG21673AT,,
675,warning,image_missing,No source image URLs found in 画像1〜3.,HYTG21674AT,,
676,warning,image_missing,No source image URLs found in 画像1〜3.,HYTG21675AT,,
677,warning,image_missing,No source image URLs found in 画像1〜3.,HYTG21676AT,,
678,warning,image_missing,No source image URLs found in 画像1〜3.,HYTG21677AT,,
679,warning,image_missing,No source image URLs found in 画像1〜3.,HYTG21678AT,,
680,warning,image_missing,No source image URLs found in 画像1〜3.,HYMX21679AT,,
681,warning,image_missing,No source image URLs found in 画像1〜3.,HYMX21680AT,,
682,warning,image_missing,No source image URLs found in 画像1〜3.,HYOT21681AT,,
682,warning,sd_product_code_validation,"Maker legacy code OT is shared by ['OLYMPIC', 'OTHER'].",HYOT21681AT,,
683,warning,image_missing,No source image URLs found in 画像1〜3.,HYMX21682AT,,
684,warning,image_missing,No source image URLs found in 画像1〜3.,HYPR21683AT,,
685,warning,image_missing,No source image URLs found in 画像1〜3.,HYHR21684AT,,
686,warning,image_missing,No source image URLs found in 画像1〜3.,HYMX21685AT,,
687,warning,image_missing,No source image URLs found in 画像1〜3.,HYTG21686AT,,
688,warning,image_missing,No source image URLs found in 画像1〜3.,HYMX21687AT,,
689,warning,image_missing,No source image URLs found in 画像1〜3.,HYMX21688AT,,
690,warning,image_missing,No source image URLs found in 画像1〜3.,HYTG21689AT,,
691,warning,image_missing,No source image URLs found in 画像1〜3.,HYTG21690AT,,
692,warning,maker_unregistered,maker is empty.,HYOT21691AT,maker,
692,warning,image_missing,No source image URLs found in 画像1〜3.,HYOT21691AT,,
692,warning,sd_product_code_validation,"Maker legacy code OT is shared by ['OLYMPIC', 'OTHER'].",HYOT21691AT,,
693,warning,image_missing,No source image URLs found in 画像1〜3.,HYTG21692AT,,
694,warning,image_missing,No source image URLs found in 画像1〜3.,HYMX21693AT,,
695,warning,image_missing,No source image URLs found in 画像1〜3.,HYMX21694AT,,
696,warning,maker_unregistered,maker is empty.,HYOT21695AT,maker,
696,warning,image_missing,No source image URLs found in 画像1〜3.,HYOT21695AT,,
696,warning,sd_product_code_validation,"Maker legacy code OT is shared by ['OLYMPIC', 'OTHER'].",HYOT21695AT,,
697,warning,maker_unregistered,maker is empty.,HYOT21696AT,maker,
697,warning,image_missing,No source image URLs found in 画像1〜3.,HYOT21696AT,,
697,warning,sd_product_code_validation,"Maker legacy code OT is shared by ['OLYMPIC', 'OTHER'].",HYOT21696AT,,
698,warning,image_missing,No source image URLs found in 画像1〜3.,HYMX21697AT,,
699,warning,image_missing,No source image URLs found in 画像1〜3.,HYMX21698AT,,
700,warning,image_missing,No source image URLs found in 画像1〜3.,HYTG21699AT,,
701,warning,image_missing,No source image URLs found in 画像1〜3.,HYMX21700AT,,
702,warning,image_missing,No source image URLs found in 画像1〜3.,HYMX21701AT,,
703,warning,image_missing,No source image URLs found in 画像1〜3.,HYMG21702AT,,
704,warning,image_missing,No source image URLs found in 画像1〜3.,HYMX21703AT,,
705,warning,image_missing,No source image URLs found in 画像1〜3.,HYIG21704AT,,
705,warning,sd_product_code_validation,"Maker legacy code IG is shared by ['IGNIO', 'IRON_GRIP'].",HYIG21704AT,,
706,warning,image_missing,No source image URLs found in 画像1〜3.,SASN21705AT,,
707,warning,image_missing,No source image URLs found in 画像1〜3.,SANTAT706AT,,
707,warning,sd_product_code_validation,Legacy purchase year code AT is accepted for existing data.,SANTAT706AT,,
708,warning,image_missing,No source image URLs found in 画像1〜3.,SAKSAT707AT,,
708,warning,sd_product_code_validation,Legacy purchase year code AT is accepted for existing data.,SAKSAT707AT,,
709,warning,maker_unregistered,maker is empty.,SAOTAT708AT,maker,
709,warning,image_missing,No source image URLs found in 画像1〜3.,SAOTAT708AT,,
709,warning,sd_product_code_validation,"Legacy purchase year code AT is accepted for existing data. | Maker legacy code OT is shared by ['OLYMPIC', 'OTHER'].",SAOTAT708AT,,
710,warning,image_missing,No source image URLs found in 画像1〜3.,SASNAT709AT,,
710,warning,sd_product_code_validation,Legacy purchase year code AT is accepted for existing data.,SASNAT709AT,,
711,warning,image_missing,No source image URLs found in 画像1〜3.,SASNAT710AT,,
711,warning,sd_product_code_validation,Legacy purchase year code AT is accepted for existing data.,SASNAT710AT,,
712,warning,maker_unregistered,maker is empty.,SAOTAT711AT,maker,
712,warning,image_missing,No source image URLs found in 画像1〜3.,SAOTAT711AT,,
712,warning,sd_product_code_validation,"Legacy purchase year code AT is accepted for existing data. | Maker legacy code OT is shared by ['OLYMPIC', 'OTHER'].",SAOTAT711AT,,
713,warning,maker_unregistered,maker is empty.,SAOTAT712AT,maker,
713,warning,image_missing,No source image URLs found in 画像1〜3.,SAOTAT712AT,,
713,warning,sd_product_code_validation,"Legacy purchase year code AT is accepted for existing data. | Maker legacy code OT is shared by ['OLYMPIC', 'OTHER'].",SAOTAT712AT,,
714,warning,image_missing,No source image URLs found in 画像1〜3.,SAKSAT713AT,,
714,warning,sd_product_code_validation,Legacy purchase year code AT is accepted for existing data.,SAKSAT713AT,,
715,warning,image_missing,No source image URLs found in 画像1〜3.,SANT21714AT,,
716,warning,image_missing,No source image URLs found in 画像1〜3.,SANT21715AT,,
717,warning,image_missing,No source image URLs found in 画像1〜3.,SANT21716AT,,
718,warning,image_missing,No source image URLs found in 画像1〜3.,HYPM21717AT,,
719,warning,image_missing,No source image URLs found in 画像1〜3.,SATG21718AT,,
720,warning,image_missing,No source image URLs found in 画像1〜3.,HYMX21719AT,,
721,warning,image_missing,No source image URLs found in 画像1〜3.,HYMX22720AT,,
722,warning,image_missing,No source image URLs found in 画像1〜3.,SANT22721AT,,
723,warning,image_missing,No source image URLs found in 画像1〜3.,SANT22722AT,,
724,warning,image_missing,No source image URLs found in 画像1〜3.,SADF22723AT,,
725,warning,image_missing,No source image URLs found in 画像1〜3.,SANT22724AT,,
726,warning,image_missing,No source image URLs found in 画像1〜3.,MITS22725AT,,
727,warning,image_missing,No source image URLs found in 画像1〜3.,HYTR22726AT,,
728,warning,image_missing,No source image URLs found in 画像1〜3.,SANT22727AT,,
729,warning,image_missing,No source image URLs found in 画像1〜3.,SAMX22728AT,,
730,warning,image_missing,No source image URLs found in 画像1〜3.,SASN22729AT,,
731,warning,image_missing,No source image URLs found in 画像1〜3.,SASN22730AT,,
732,warning,image_missing,No source image URLs found in 画像1〜3.,SASN22731AT,,
733,warning,image_missing,No source image URLs found in 画像1〜3.,SASN22732AT,,
734,warning,maker_unregistered,maker is empty.,HYOT22733AT,maker,
734,warning,image_missing,No source image URLs found in 画像1〜3.,HYOT22733AT,,
734,warning,sd_product_code_validation,"Maker legacy code OT is shared by ['OLYMPIC', 'OTHER'].",HYOT22733AT,,
735,warning,image_missing,No source image URLs found in 画像1〜3.,HYTR22734AT,,
736,warning,image_missing,No source image URLs found in 画像1〜3.,SATG22735AT,,
737,warning,image_missing,No source image URLs found in 画像1〜3.,HYIV22736AT,,
738,warning,maker_unregistered,maker is empty.,HYOT22737AT,maker,
738,warning,image_missing,No source image URLs found in 画像1〜3.,HYOT22737AT,,
738,warning,sd_product_code_validation,"Maker legacy code OT is shared by ['OLYMPIC', 'OTHER'].",HYOT22737AT,,
739,warning,image_missing,No source image URLs found in 画像1〜3.,HYCY22738AT,,
740,warning,image_missing,No source image URLs found in 画像1〜3.,HYTS22739AT,,
741,warning,maker_unregistered,maker is empty.,HYOT22740AT,maker,
741,warning,image_missing,No source image URLs found in 画像1〜3.,HYOT22740AT,,
741,warning,sd_product_code_validation,"Maker legacy code OT is shared by ['OLYMPIC', 'OTHER'].",HYOT22740AT,,
742,warning,image_missing,No source image URLs found in 画像1〜3.,MIHZ22741AT,,
743,warning,maker_unregistered,maker is empty.,HYOT22742AT,maker,
743,warning,image_missing,No source image URLs found in 画像1〜3.,HYOT22742AT,,
743,warning,sd_product_code_validation,"Maker legacy code OT is shared by ['OLYMPIC', 'OTHER'].",HYOT22742AT,,
744,warning,image_missing,No source image URLs found in 画像1〜3.,MIIV22743AT,,
745,warning,image_missing,No source image URLs found in 画像1〜3.,HYMX22744AT,,
746,warning,image_missing,No source image URLs found in 画像1〜3.,HYTG22745AT,,
747,warning,image_missing,No source image URLs found in 画像1〜3.,HYMX22746AT,,
748,warning,image_missing,No source image URLs found in 画像1〜3.,HYMX22747AT,,
749,warning,image_missing,No source image URLs found in 画像1〜3.,SAST22748AT,,
750,warning,maker_unregistered,maker is empty.,SAOT22749AT,maker,
750,warning,image_missing,No source image URLs found in 画像1〜3.,SAOT22749AT,,
750,warning,sd_product_code_validation,"Maker legacy code OT is shared by ['OLYMPIC', 'OTHER'].",SAOT22749AT,,
751,warning,image_missing,No source image URLs found in 画像1〜3.,SASN22750AT,,
752,warning,maker_unregistered,maker is empty.,SAOT22751AT,maker,
752,warning,image_missing,No source image URLs found in 画像1〜3.,SAOT22751AT,,
752,warning,sd_product_code_validation,"Maker legacy code OT is shared by ['OLYMPIC', 'OTHER'].",SAOT22751AT,,
753,warning,image_missing,No source image URLs found in 画像1〜3.,SACY22752AT,,
754,warning,image_missing,No source image URLs found in 画像1〜3.,SATC22753AT,,
755,warning,image_missing,No source image URLs found in 画像1〜3.,HYMX22754AT,,
756,warning,maker_unregistered,maker is empty.,HYOT22755AT,maker,
756,warning,image_missing,No source image URLs found in 画像1〜3.,HYOT22755AT,,
756,warning,sd_product_code_validation,"Maker legacy code OT is shared by ['OLYMPIC', 'OTHER'].",HYOT22755AT,,
757,warning,image_missing,No source image URLs found in 画像1〜3.,SAMG22756AT,,
758,warning,maker_unregistered,maker is empty.,SAOT22757AT,maker,
758,warning,image_missing,No source image URLs found in 画像1〜3.,SAOT22757AT,,
758,warning,sd_product_code_validation,"Maker legacy code OT is shared by ['OLYMPIC', 'OTHER'].",SAOT22757AT,,
759,warning,image_missing,No source image URLs found in 画像1〜3.,HYBm22758AT,,
759,warning,sd_product_code_validation,"Maker legacy code BM is shared by ['BODY_MAKER', 'BODY_MASTERS'].",HYBm22758AT,,
760,warning,maker_unregistered,maker is empty.,SAOT22759AT,maker,
760,warning,image_missing,No source image URLs found in 画像1〜3.,SAOT22759AT,,
760,warning,sd_product_code_validation,"Maker legacy code OT is shared by ['OLYMPIC', 'OTHER'].",SAOT22759AT,,
761,warning,image_missing,No source image URLs found in 画像1〜3.,HYNT22760AT,,
762,warning,image_missing,No source image URLs found in 画像1〜3.,MIYY22761AT,,
763,warning,image_missing,No source image URLs found in 画像1〜3.,HYBm22762AT,,
763,warning,sd_product_code_validation,"Maker legacy code BM is shared by ['BODY_MAKER', 'BODY_MASTERS'].",HYBm22762AT,,
764,warning,maker_unregistered,maker is empty.,HYOT22763AT,maker,
764,warning,image_missing,No source image URLs found in 画像1〜3.,HYOT22763AT,,
764,warning,sd_product_code_validation,"Maker legacy code OT is shared by ['OLYMPIC', 'OTHER'].",HYOT22763AT,,
765,warning,maker_unregistered,maker is empty.,MIOT22764AT,maker,
765,warning,image_missing,No source image URLs found in 画像1〜3.,MIOT22764AT,,
765,warning,sd_product_code_validation,"Maker legacy code OT is shared by ['OLYMPIC', 'OTHER'].",MIOT22764AT,,
766,warning,image_missing,No source image URLs found in 画像1〜3.,HYKS22765AT,,
767,warning,image_missing,No source image URLs found in 画像1〜3.,HYMX22766AT,,
768,warning,image_missing,No source image URLs found in 画像1〜3.,MIYY22767AT,,
769,warning,image_missing,No source image URLs found in 画像1〜3.,MIBL22768AT,,
770,warning,image_missing,No source image URLs found in 画像1〜3.,MISN22769AT,,
771,warning,image_missing,No source image URLs found in 画像1〜3.,MIYY22770AT,,
772,warning,image_missing,No source image URLs found in 画像1〜3.,EHTR22771AT,,
773,warning,image_missing,No source image URLs found in 画像1〜3.,EHTC22772AT,,
774,warning,image_missing,No source image URLs found in 画像1〜3.,HYTR22773AT,,
775,warning,image_missing,No source image URLs found in 画像1〜3.,HYTR22774AT,,
776,warning,image_missing,No source image URLs found in 画像1〜3.,OYNT22775AT,,
777,warning,image_missing,No source image URLs found in 画像1〜3.,OYNT22776AT,,
778,warning,image_missing,No source image URLs found in 画像1〜3.,OYNT22777AT,,
779,warning,image_missing,No source image URLs found in 画像1〜3.,OYNT22778AT,,
780,warning,image_missing,No source image URLs found in 画像1〜3.,OYNT22779AT,,
781,warning,image_missing,No source image URLs found in 画像1〜3.,OYGX22780AT,,
782,warning,image_missing,No source image URLs found in 画像1〜3.,EHCY22781AT,,
783,warning,image_missing,No source image URLs found in 画像1〜3.,EHCY22782AT,,
784,warning,image_missing,No source image URLs found in 画像1〜3.,HYTR22783AT,,
785,warning,image_missing,No source image URLs found in 画像1〜3.,HYTR22784AT,,
786,warning,image_missing,No source image URLs found in 画像1〜3.,HYTR22785AT,,
787,warning,image_missing,No source image URLs found in 画像1〜3.,HYTR22786AT,,
788,warning,image_missing,No source image URLs found in 画像1〜3.,HYTR22787AT,,
789,warning,image_missing,No source image URLs found in 画像1〜3.,HYTR22788AT,,
790,warning,image_missing,No source image URLs found in 画像1〜3.,HYTR22789AT,,
791,warning,image_missing,No source image URLs found in 画像1〜3.,HYTR22790AT,,
792,warning,image_missing,No source image URLs found in 画像1〜3.,HYTR22791AT,,
793,warning,image_missing,No source image URLs found in 画像1〜3.,HYTR22792AT,,
794,warning,image_missing,No source image URLs found in 画像1〜3.,HYTR22793AT,,
795,warning,image_missing,No source image URLs found in 画像1〜3.,HYTR22794AT,,
796,warning,image_missing,No source image URLs found in 画像1〜3.,HYMX22795AT,,
797,warning,image_missing,No source image URLs found in 画像1〜3.,SAMX22796AT,,
798,warning,image_missing,No source image URLs found in 画像1〜3.,SAMX22797AT,,
799,warning,image_missing,No source image URLs found in 画像1〜3.,SAMX22798AT,,
800,warning,image_missing,No source image URLs found in 画像1〜3.,HYMX22799AT,,
801,warning,image_missing,No source image URLs found in 画像1〜3.,HYTG22800AT,,
802,warning,image_missing,No source image URLs found in 画像1〜3.,SAST23801AT,,
803,warning,maker_unregistered,maker is empty.,SAOT23802AT,maker,
803,warning,image_missing,No source image URLs found in 画像1〜3.,SAOT23802AT,,
803,warning,sd_product_code_validation,"Maker legacy code OT is shared by ['OLYMPIC', 'OTHER'].",SAOT23802AT,,
804,warning,image_missing,No source image URLs found in 画像1〜3.,SAMC23803AT,,
804,warning,sd_product_code_validation,"Maker legacy code MC is shared by ['MAXICAM', 'MUSCLE_CLAMP'].",SAMC23803AT,,
805,warning,image_missing,No source image URLs found in 画像1〜3.,HYMX23804AT,,
806,warning,image_missing,No source image URLs found in 画像1〜3.,HYMX23805AT,,
807,warning,image_missing,No source image URLs found in 画像1〜3.,HYMX23806AT,,
808,warning,image_missing,No source image URLs found in 画像1〜3.,HYTG23807AT,,
809,warning,image_missing,No source image URLs found in 画像1〜3.,HYTG23808AT,,
810,warning,image_missing,No source image URLs found in 画像1〜3.,HYCY23809AT,,
811,warning,image_missing,No source image URLs found in 画像1〜3.,HYZV23810AT,,
812,warning,image_missing,No source image URLs found in 画像1〜3.,HYMX23811AT,,
813,warning,category_unregistered,category is empty.,HYNT23812AT,category,
813,warning,image_missing,No source image URLs found in 画像1〜3.,HYNT23812AT,,
814,warning,category_unregistered,category is empty.,HYNT23813AT,category,
814,warning,image_missing,No source image URLs found in 画像1〜3.,HYNT23813AT,,
815,warning,category_unregistered,category is empty.,HYNT23814AT,category,
815,warning,image_missing,No source image URLs found in 画像1〜3.,HYNT23814AT,,
816,warning,category_unregistered,category is empty.,HYIV23815AT,category,
816,warning,image_missing,No source image URLs found in 画像1〜3.,HYIV23815AT,,
817,warning,category_unregistered,category is empty.,HYNT23816AT,category,
817,warning,image_missing,No source image URLs found in 画像1〜3.,HYNT23816AT,,
818,warning,category_unregistered,category is empty.,HYNT23817AT,category,
818,warning,image_missing,No source image URLs found in 画像1〜3.,HYNT23817AT,,
819,warning,maker_unregistered,maker is empty.,SAOT23818AT,maker,
819,warning,image_missing,No source image URLs found in 画像1〜3.,SAOT23818AT,,
819,warning,sd_product_code_validation,"Maker legacy code OT is shared by ['OLYMPIC', 'OTHER'].",SAOT23818AT,,
820,warning,image_missing,No source image URLs found in 画像1〜3.,SANB23819AT,,
821,warning,category_unregistered,category is empty.,HYNT23820AT,category,
821,warning,image_missing,No source image URLs found in 画像1〜3.,HYNT23820AT,,
822,warning,image_missing,No source image URLs found in 画像1〜3.,MIYY23821AT,,
823,warning,image_missing,No source image URLs found in 画像1〜3.,HYIV23822AT,,
824,warning,image_missing,No source image URLs found in 画像1〜3.,HYIV23823AT,,
825,warning,image_missing,No source image URLs found in 画像1〜3.,HYIV23824AT,,
826,warning,image_missing,No source image URLs found in 画像1〜3.,HYIV23825AT,,
827,warning,category_unregistered,category is empty.,HYTG23826AT,category,
827,warning,image_missing,No source image URLs found in 画像1〜3.,HYTG23826AT,,
828,warning,image_missing,No source image URLs found in 画像1〜3.,HYNB23827AT,,
829,warning,image_missing,No source image URLs found in 画像1〜3.,HYNB23828AT,,
830,warning,image_missing,No source image URLs found in 画像1〜3.,HYIV23829AT,,
831,warning,image_missing,No source image URLs found in 画像1〜3.,HYIV23830AT,,
832,warning,image_missing,No source image URLs found in 画像1〜3.,HYNB23831AT,,
833,warning,image_missing,No source image URLs found in 画像1〜3.,HYRE23832AT,,
834,warning,image_missing,No source image URLs found in 画像1〜3.,HYSW23833AT,,
835,warning,image_missing,No source image URLs found in 画像1〜3.,HYTG23834AT,,
836,warning,image_missing,No source image URLs found in 画像1〜3.,HYCY23835AT,,
837,warning,image_missing,No source image URLs found in 画像1〜3.,MIOT23836AT,,
837,warning,sd_product_code_validation,"Maker legacy code OT is shared by ['OLYMPIC', 'OTHER'].",MIOT23836AT,,
838,warning,image_missing,No source image URLs found in 画像1〜3.,HYNT23837AT,,
839,warning,image_missing,No source image URLs found in 画像1〜3.,MIOT23838AT,,
839,warning,sd_product_code_validation,"Maker legacy code OT is shared by ['OLYMPIC', 'OTHER'].",MIOT23838AT,,
840,warning,image_missing,No source image URLs found in 画像1〜3.,MIOT23839AT,,
840,warning,sd_product_code_validation,"Maker legacy code OT is shared by ['OLYMPIC', 'OTHER'].",MIOT23839AT,,
841,warning,image_missing,No source image URLs found in 画像1〜3.,HYTG23840AT,,
842,warning,image_missing,No source image URLs found in 画像1〜3.,HYTG23841AT,,
843,warning,image_missing,No source image URLs found in 画像1〜3.,HYTG23842AT,,
844,warning,image_missing,No source image URLs found in 画像1〜3.,HYIV23843AT,,
845,warning,image_missing,No source image URLs found in 画像1〜3.,HYTG23844AT,,
846,warning,image_missing,No source image URLs found in 画像1〜3.,HYCY23845AT,,
847,warning,image_missing,No source image URLs found in 画像1〜3.,HYIV23846AT,,
848,warning,image_missing,No source image URLs found in 画像1〜3.,HYIV23847AT,,
849,warning,image_missing,No source image URLs found in 画像1〜3.,HYIV23848AT,,
850,warning,image_missing,No source image URLs found in 画像1〜3.,HYTG23849AT,,
851,warning,image_missing,No source image URLs found in 画像1〜3.,HYTG23850AT,,
852,warning,image_missing,No source image URLs found in 画像1〜3.,HYTG23851AT,,
853,warning,image_missing,No source image URLs found in 画像1〜3.,HYPB23852AT,,
853,warning,sd_product_code_validation,"Maker legacy code PB is shared by ['PB', 'POWER_BLOCK'].",HYPB23852AT,,
854,warning,image_missing,No source image URLs found in 画像1〜3.,HYNT23853AT,,
855,warning,image_missing,No source image URLs found in 画像1〜3.,HYOT23854AT,,
855,warning,sd_product_code_validation,"Maker legacy code OT is shared by ['OLYMPIC', 'OTHER'].",HYOT23854AT,,
856,warning,image_missing,No source image URLs found in 画像1〜3.,HYOT23855AT,,
856,warning,sd_product_code_validation,"Maker legacy code OT is shared by ['OLYMPIC', 'OTHER'].",HYOT23855AT,,
857,warning,image_missing,No source image URLs found in 画像1〜3.,HYOT23856AT,,
857,warning,sd_product_code_validation,"Maker legacy code OT is shared by ['OLYMPIC', 'OTHER'].",HYOT23856AT,,
858,warning,image_missing,No source image URLs found in 画像1〜3.,MIOT23857AT,,
858,warning,sd_product_code_validation,"Maker legacy code OT is shared by ['OLYMPIC', 'OTHER'].",MIOT23857AT,,
859,warning,image_missing,No source image URLs found in 画像1〜3.,MIOT23858AT,,
859,warning,sd_product_code_validation,"Maker legacy code OT is shared by ['OLYMPIC', 'OTHER'].",MIOT23858AT,,
860,warning,image_missing,No source image URLs found in 画像1〜3.,MIOT23859AT,,
860,warning,sd_product_code_validation,"Maker legacy code OT is shared by ['OLYMPIC', 'OTHER'].",MIOT23859AT,,
861,warning,image_missing,No source image URLs found in 画像1〜3.,MIOT23860AT,,
861,warning,sd_product_code_validation,"Maker legacy code OT is shared by ['OLYMPIC', 'OTHER'].",MIOT23860AT,,
862,warning,image_missing,No source image URLs found in 画像1〜3.,MIIV23861AT,,
863,warning,image_missing,No source image URLs found in 画像1〜3.,MIOT23862AT,,
863,warning,sd_product_code_validation,"Maker legacy code OT is shared by ['OLYMPIC', 'OTHER'].",MIOT23862AT,,
864,warning,image_missing,No source image URLs found in 画像1〜3.,MIOT23863AT,,
864,warning,sd_product_code_validation,"Maker legacy code OT is shared by ['OLYMPIC', 'OTHER'].",MIOT23863AT,,
865,warning,image_missing,No source image URLs found in 画像1〜3.,HYMX23864AT,,
866,warning,image_missing,No source image URLs found in 画像1〜3.,HYPR23865AT,,
867,warning,image_missing,No source image URLs found in 画像1〜3.,HYIV23866AT,,
868,warning,image_missing,No source image URLs found in 画像1〜3.,HYIV23867AT,,
869,warning,image_missing,No source image URLs found in 画像1〜3.,HYIV23868AT,,
870,warning,image_missing,No source image URLs found in 画像1〜3.,HYIV23869AT,,
871,warning,image_missing,No source image URLs found in 画像1〜3.,HYIV23870AT,,
872,warning,image_missing,No source image URLs found in 画像1〜3.,HYIV23871AT,,
873,warning,image_missing,No source image URLs found in 画像1〜3.,HYIV23872AT,,
874,warning,image_missing,No source image URLs found in 画像1〜3.,MIIT23873AT,,
875,warning,image_missing,No source image URLs found in 画像1〜3.,HYCY23874AT,,
876,warning,image_missing,No source image URLs found in 画像1〜3.,HYCP23875AT,,
877,warning,image_missing,No source image URLs found in 画像1〜3.,HYCP23876AT,,
878,warning,image_missing,No source image URLs found in 画像1〜3.,HYOT23877AT,,
878,warning,sd_product_code_validation,"Maker legacy code OT is shared by ['OLYMPIC', 'OTHER'].",HYOT23877AT,,
879,warning,image_missing,No source image URLs found in 画像1〜3.,HYOT23878AT,,
879,warning,sd_product_code_validation,"Maker legacy code OT is shared by ['OLYMPIC', 'OTHER'].",HYOT23878AT,,
880,warning,image_missing,No source image URLs found in 画像1〜3.,KUFM23879AT,,
881,warning,image_missing,No source image URLs found in 画像1〜3.,MIYY23880AT,,
882,warning,image_missing,No source image URLs found in 画像1〜3.,HYCY23881AT,,
883,warning,image_missing,No source image URLs found in 画像1〜3.,HYMX23882AT,,
884,warning,image_missing,No source image URLs found in 画像1〜3.,MIYY23883AT,,
885,warning,image_missing,No source image URLs found in 画像1〜3.,MIHZ23884AT,,
886,warning,image_missing,No source image URLs found in 画像1〜3.,HYIV23885AT,,
887,warning,image_missing,No source image URLs found in 画像1〜3.,HYOT23886AT,,
887,warning,sd_product_code_validation,"Maker legacy code OT is shared by ['OLYMPIC', 'OTHER'].",HYOT23886AT,,
888,warning,image_missing,No source image URLs found in 画像1〜3.,HYOT23887AT,,
888,warning,sd_product_code_validation,"Maker legacy code OT is shared by ['OLYMPIC', 'OTHER'].",HYOT23887AT,,
889,warning,image_missing,No source image URLs found in 画像1〜3.,HYOT23888AT,,
889,warning,sd_product_code_validation,"Maker legacy code OT is shared by ['OLYMPIC', 'OTHER'].",HYOT23888AT,,
890,warning,image_missing,No source image URLs found in 画像1〜3.,MITG23889AT,,
891,warning,image_missing,No source image URLs found in 画像1〜3.,HYCY23890AT,,
892,warning,image_missing,No source image URLs found in 画像1〜3.,HYCY23891AT,,
893,warning,image_missing,No source image URLs found in 画像1〜3.,HYCY23892AT,,
894,warning,image_missing,No source image URLs found in 画像1〜3.,HYCY23893AT,,
895,warning,image_missing,No source image URLs found in 画像1〜3.,HYCY23894AT,,
896,warning,image_missing,No source image URLs found in 画像1〜3.,HYNP23895AT,,
897,warning,image_missing,No source image URLs found in 画像1〜3.,HYPR23896AT,,
898,warning,image_missing,No source image URLs found in 画像1〜3.,HYNT23897AT,,
899,warning,image_missing,No source image URLs found in 画像1〜3.,HYNT23898AT,,
900,warning,image_missing,No source image URLs found in 画像1〜3.,HYNT23899AT,,
901,warning,image_missing,No source image URLs found in 画像1〜3.,HYNT23900AT,,
902,warning,image_missing,No source image URLs found in 画像1〜3.,HYNT23901AT,,
903,warning,image_missing,No source image URLs found in 画像1〜3.,HYNT23902AT,,
904,warning,image_missing,No source image URLs found in 画像1〜3.,HYNT23903AT,,
905,warning,image_missing,No source image URLs found in 画像1〜3.,HYTG24904AT,,
906,warning,image_missing,No source image URLs found in 画像1〜3.,HNOT24905AT,,
906,warning,sd_product_code_validation,"Maker legacy code OT is shared by ['OLYMPIC', 'OTHER'].",HNOT24905AT,,
907,warning,image_missing,No source image URLs found in 画像1〜3.,HNOT24906AT,,
907,warning,sd_product_code_validation,"Maker legacy code OT is shared by ['OLYMPIC', 'OTHER'].",HNOT24906AT,,
908,warning,image_missing,No source image URLs found in 画像1〜3.,HNOT24907AT,,
908,warning,sd_product_code_validation,"Maker legacy code OT is shared by ['OLYMPIC', 'OTHER'].",HNOT24907AT,,
909,warning,image_missing,No source image URLs found in 画像1〜3.,HNOT24908AT,,
909,warning,sd_product_code_validation,"Maker legacy code OT is shared by ['OLYMPIC', 'OTHER'].",HNOT24908AT,,
910,warning,image_missing,No source image URLs found in 画像1〜3.,HYIC24909AT,,
911,warning,image_missing,No source image URLs found in 画像1〜3.,HYNT24910AT,,
912,warning,image_missing,No source image URLs found in 画像1〜3.,HNTR24911AT,,
913,warning,image_missing,No source image URLs found in 画像1〜3.,HNOT24912AT,,
913,warning,sd_product_code_validation,"Maker legacy code OT is shared by ['OLYMPIC', 'OTHER'].",HNOT24912AT,,
914,warning,image_missing,No source image URLs found in 画像1〜3.,HNOT24913AT,,
914,warning,sd_product_code_validation,"Maker legacy code OT is shared by ['OLYMPIC', 'OTHER'].",HNOT24913AT,,
915,warning,image_missing,No source image URLs found in 画像1〜3.,HNOT24914AT,,
915,warning,sd_product_code_validation,"Maker legacy code OT is shared by ['OLYMPIC', 'OTHER'].",HNOT24914AT,,
916,warning,image_missing,No source image URLs found in 画像1〜3.,HYMX24915AT,,
917,warning,image_missing,No source image URLs found in 画像1〜3.,HYNT25916AT,,
918,warning,image_missing,No source image URLs found in 画像1〜3.,HYTR25917AT,,
919,warning,image_missing,No source image URLs found in 画像1〜3.,HYNT25918AT,,
920,warning,image_missing,No source image URLs found in 画像1〜3.,HYUV25919AT,,
921,warning,image_missing,No source image URLs found in 画像1〜3.,HYSN25920AT,,
922,warning,image_missing,No source image URLs found in 画像1〜3.,HYTG25921AT,,
923,warning,image_missing,No source image URLs found in 画像1〜3.,HYTG25922AT,,
924,warning,image_missing,No source image URLs found in 画像1〜3.,HYMX26923AT,,
925,warning,image_missing,No source image URLs found in 画像1〜3.,HYCY26924AT,,
